x,y,z,label
23.618963638077386,1.6361824037129158,0.1868367359337949,2
21.0,22.0,0.5112963800310468,1
24.90563183083653,9.090546357672864,0.16593716012369497,2
6.0,24.0,0.4936907020272587,1
10.371859590422677,4.076531869693981,0.14996290922730326,2
12.32341650432917,10.006683484159732,0.49200490912773354,2
18.77095749365021,22.418186028569107,0.6504955606738451,2
8.0,24.0,0.45726108303280977,1
0.0,1.0,0.4550723326187745,1
0.0,24.0,0.5449609667697363,1
21.007031964749867,7.159562605323999,0.7641519065275454,0
9.0,18.0,0.5063345257984319,1
20.025075075538577,20.474936506851506,0.4987105026663814,3
12.80158752162755,10.032811674128627,0.9052059051553526,2
24.0,1.0,0.4733030024577274,1
8.855201495610842,12.491956462578738,0.4880649387342666,2
17.49210721610678,12.264740354470453,0.014914592596242948,2
11.822978203200146,17.294571928648832,0.2580422706118304,3
13.80366257719877,11.096280401798122,0.9741314942398899,3
6.0,12.0,0.5365424485933907,1
10.995330902007568,20.419564093805928,0.6412203183351732,2
11.845925274747819,16.981444725244526,0.9664918986021702,2
22.567022570774757,10.751338725029935,0.4884486117594036,3
6.350056905806098,16.443312308000305,0.47806545268986145,2
21.151625639947223,13.696067761508305,0.2732485012525452,0
6.106627201534456,11.684276780184335,0.7077397172100208,3
3.539441902015164,12.352285311993692,0.020824488449641798,0
2.0,11.0,0.4817084931922398,1
0.4824630903515953,15.781967581204723,0.6941268677194862,2
18.041009315921638,3.2871547860270995,0.6307165066771063,0
12.0,6.0,0.48061270564162434,1
24.0,19.0,0.46551951677610914,1
21.09724463291018,8.826106186868868,0.8645828108569358,3
10.87747489117442,6.6086018157986315,0.34153879001010934,2
14.170255372232592,7.71378964206568,0.8456207980622631,2
9.519706077584095,4.404916474355225,0.5189670387016048,0
3.752018800216783,7.8605684700006035,0.21866072522740343,2
4.924386970921788,13.070262872312524,0.04973172906091505,2
15.969125622535065,10.70962904777775,0.8215895672665597,0
16.0,12.0,0.4569167108127772,1
17.593181984199596,12.49226155494192,0.41009313722866136,0
24.85455494529308,21.468097093105932,0.005617397701105142,2
5.78008231409986,20.358770057324286,0.395042952957827,0
4.495905979871703,5.9804279971145515,0.20250092680242227,2
17.701541090139322,2.1657054862515763,0.6140675741553578,3
6.0,21.0,0.503768679215061,1
16.0,21.0,0.47699716988823904,1
7.296241619056748,24.646253243946482,0.21047303290440889,2
2.2470247120956133,16.897087952043798,0.08403794906060758,2
4.473390788140027,8.620972649541688,0.8584406518525165,3
17.0,21.0,0.4933940432314289,1
8.0,20.0,0.4653220694668925,1
17.0,12.0,0.5496557914678631,1
13.424208092239901,11.657146810943209,0.48061233368745326,0
1.7493811768388323,22.35600244022489,0.6486513767926766,0
21.560865158746545,15.592072927703088,0.07271320029084694,0
1.0,13.0,0.4562073377555961,1
8.156833062410623,6.0211054644879605,0.5758683442388316,0
8.0,3.0,0.5377578065011805,1
10.238710013602164,17.26231804980141,0.7568226271551344,0
12.305814063285464,2.986009527010353,0.8798653455746904,3
7.513883413917694,19.73642689555853,0.5680375640418294,3
21.792191496044282,4.006733309542934,0.241242809167188,2
4.0,21.0,0.4806345494061549,1
21.46045353051886,1.903486173660296,0.10886689872956001,0
17.827979967086925,9.297461914494793,0.3874107198647254,2
0.6330496840009636,1.7986269889431972,0.6678852585952941,2
19.940941475842276,3.5800569277209315,0.5473374322750982,3
8.0,16.0,0.5169777110900262,1
22.367312706900076,15.159109323284417,0.6243059200783189,3
21.841042686665308,11.729217953139292,0.5828563494420298,3
14.917625883505952,2.8613668590590837,0.09038983038650306,0
6.38531534269125,23.991242671605022,0.2692271421053807,0
7.0,16.0,0.51352925622461,1
21.568641970268104,4.406784735550626,0.2931400111365243,0
20.950539442782315,5.316726867521801,0.15674073478664918,2
2.480607559076195,7.044934045943335,0.7140662187660448,2
19.0,16.0,0.4554376736013174,1
10.439665791590125,2.2390609526205307,0.6747821777035955,3
2.2359344702724964,9.605467692948604,0.3856364168589125,2
9.397246427507008,11.360659920958568,0.6066182357927264,0
20.206511556034144,7.734757247092255,0.8689575351281849,0
11.851530935994,8.721128431981448,0.46963628107975697,2
8.818266776334504,0.11663149448350729,0.9406817399000081,3
3.6281264126196753,3.206057554014477,0.19562488523250987,3
17.937223414944235,3.2607565064277173,0.5484167886946955,3
24.112232928462106,1.3127294016409718,0.522816172344707,0
6.338307112714725,20.438892851916794,0.3373746855278307,3
16.0,9.0,0.47037637093248075,1
18.97984575409928,10.28029733021826,0.36688415108837014,2
2.0,10.0,0.49654507415303206,1
15.077405432943317,23.579602101367296,0.3276436999612955,2
17.933950620303857,5.232426168649002,0.386844696446906,2
19.65811512990753,14.158058335724617,0.7244029156924264,0
16.63542149950755,20.99301426469216,0.7787258041787707,2
16.0,17.0,0.5315634709399728,1
18.0,15.0,0.548406308265528,1
15.723115138695093,11.693101277277092,0.8443975130372167,3
7.490315163164651,22.586425813022803,0.49195034275410976,3
0.598783634137906,7.967336451480353,0.18252292455171093,2
5.655742012269746,17.229122215321784,0.35039429509780995,0
19.890126471051456,10.63160384447973,0.769681194760808,0
0.0,16.0,0.45554948405899653,1
12.0,17.0,0.5051583136530045,1
0.1599078796891834,0.049146076641504166,0.4730766070348128,2
4.0,14.0,0.511801868404988,1
6.274687457969913,5.798986350684215,0.527845919710758,0
12.009326890378421,7.738841039060077,0.7168021238045909,0
8.237331042458232,6.136186183596007,0.9300900459366024,2
18.0,3.0,0.5256025355385257,1
20.833439969922434,1.734920120233721,0.10128511049026356,2
4.10513080832931,9.610982483884293,0.6365004141076005,2
20.231982163064327,23.149763524719784,0.30086501793403386,3
12.921356939029922,15.963263792770062,0.1237131010600181,0
0.20102265751051895,4.373028675461812,0.04820576452019376,2
22.0,6.0,0.49748229602814165,1
6.590495263303237,17.420298137845037,0.9485818526776867,0
12.955993328062283,17.810774120941524,0.9096635618274307,2
21.96703940296024,12.17001438279194,0.30968513503395134,0
16.131069636649944,13.746013840187093,0.14657393840536082,0
10.705905196688475,21.50016051168883,0.46016284270122343,0
13.995368160564055,13.58658314815107,0.965462952049033,2
13.0,13.0,0.46361323242480773,1
11.405078926126208,21.459359749372897,0.6600009849789003,0
12.338647393345708,6.31543496751466,0.6292104481473233,3
10.627535678063694,7.815806341922685,0.5807020629970018,3
4.726438258726681,19.638277973226206,0.9684657791941066,2
16.0,6.0,0.5429708311880049,1
4.72114442899037,1.186506904824025,0.14346886908655854,2
0.08773722547408824,2.955474628176033,0.8383749760118689,2
13.496561430499499,15.760007175881968,0.212692311347495,2
6.620207054909299,15.080241024971135,0.2966641131771601,2
7.6265744130575435,23.369336907293693,0.9800181889499752,0
4.0,20.0,0.5340997133387633,1
23.816841462323598,24.055982639460023,0.6590126870824528,0
6.892187618264953,11.37057529113986,0.02443130140642824,2
2.0,18.0,0.5101805235775845,1
13.128043944183828,10.24693852886858,0.7430605970966727,3
7.863432536999316,1.088227498360167,0.9013569376416043,2
6.723448022683309,4.657321690007962,0.7008801714828422,3
21.077281702192145,7.284302106074788,0.21619100441088646,3
20.550237036918418,1.18739915734985,0.5747563555031603,0
0.7120706744739719,20.465063430878555,0.6474759271231161,0
20.644143271676928,11.772939775763819,0.4514080435511353,3
2.0,15.0,0.47122978583019604,1
24.71042590664972,6.260211047405556,0.8332846734381144,2
10.0,2.0,0.5435012784396048,1
15.634457368130022,21.061679086045388,0.4149058104854797,0
21.30221877921875,4.71748173621794,0.4753711505891772,2
5.180749302224477,9.752304577393486,0.856618200745784,3
0.6378751751359157,17.173215246361988,0.30181919647606104,0
14.756870360325298,19.340619325071373,0.233310816515939,3
24.38154334318562,21.642881468841633,0.06512741234929087,2
15.419451165752132,18.43851058475004,0.8570993941781251,2
15.43519731957859,10.882213232179794,0.9638347370968804,3
10.35631436324195,15.12717363764519,0.0955285967413615,0
7.2371342482013965,12.643612560654427,0.5596674899548502,2
19.627476898054244,1.3812345655495024,0.460297000822139,3
17.206802239107326,14.772326709483934,0.15922396211209944,3
3.9200814477942187,9.31330928523439,0.50150263136105,2
12.0,23.0,0.5003228702161437,1
22.0,11.0,0.5389652371186322,1
13.256831124627697,22.034084907668493,0.6806971008114833,3
14.002305908198734,9.327020085906202,0.925992493220181,3
5.0,0.0,0.5194526842640648,1
3.8947364612301945,7.731365436866927,0.08525870318284745,2
15.82731142333184,10.526473122900088,0.6371026875144827,0
15.0,4.0,0.5227612728234454,1
15.043042712787443,17.84472279634096,0.23095773083038607,3
14.216658650657529,7.609469135837788,0.945381102055725,0
18.0,20.0,0.48035424550153544,1
13.021482363362736,18.134407668589983,0.5466856222331291,0
24.614420605880113,14.254332134747239,0.6396270924557036,2
24.04122524534555,10.214565211370077,0.5475153795382607,2
19.556311793801626,24.453195080738706,0.24659087282349923,0
6.0,3.0,0.5065712019779635,1
11.489391596695562,15.590287835610797,0.3975033079105793,0
17.827761079903297,18.29766906975995,0.9922764582251707,0
2.054521922703678,8.636762279466817,0.3344022988398131,0
13.116204100385811,3.039189076374077,0.2565941931426855,0
23.545122308713626,11.75066873984225,0.8531755620290137,0
12.0,20.0,0.48173710079181065,1
0.6035880414609007,14.956071195498499,0.11387403118772477,0
0.0,18.0,0.48172332266436846,1
1.3906788148571185,24.263937442636337,0.9205770744769919,3
12.348812113339678,17.752748931419074,0.16071347697741833,3
0.42343408719996145,1.3831921630213158,0.3843936680099398,2
18.303750173341406,24.03828882285189,0.3975317648092368,2
3.391755803511318,16.93984895666088,0.07787878380879987,3
22.611497183679464,21.014742144539387,0.7603981745938102,0
12.764599854841988,24.88006093584789,0.400117648334235,0
23.4284849919562,0.03298813881303375,0.5445011190777136,0
18.89661962047149,1.846932019516806,0.895095242331027,3
3.026953570901689,24.52003715903483,0.742879617792978,3
7.254109975846718,17.54908364581007,0.11556198383622351,2
9.496194024848888,13.952770631422478,0.6900668838006604,0
16.0,15.0,0.4751241927799043,1
14.373337004027395,4.695350483850183,0.018772097710486157,0
7.104131323956819,5.389868891083569,0.5646916084449799,0
6.378064738837538,2.9065223635234645,0.7693015657188037,0
19.0,0.0,0.5097664598438811,1
24.0,5.0,0.492772343542892,1
13.0,24.0,0.4918623286556675,1
6.0,20.0,0.5468114203599804,1
12.779208149272266,2.720007361165422,0.9043803145156821,2
3.6001534643290753,18.759976750215465,0.6345889891901397,2
18.0,16.0,0.4707571559204525,1
15.392519773009655,19.29603016723825,0.6887405186320087,2
1.8444630392113721,22.3804170454253,0.2806893529913904,3
8.229036885441337,15.83761467992285,0.6221274405967291,3
0.675274890085209,8.745685494060387,0.034548221772790044,0
12.763318530081492,10.620706514524983,0.5106510818395191,2
17.330818022483534,0.7186837187130618,0.13439743501488977,0
1.908286672983961,17.387190208434927,0.15326251366735355,0
9.25930970986932,14.773738021570567,0.013190967378812979,2
3.945164620823449,2.0144600769142986,0.17254127709957146,2
0.0,0.0,0.4783259363924591,1
4.225153643029511,6.487388436152789,0.6270818569651567,0
16.0,18.0,0.49010479772343435,1
0.0,8.0,0.4994287724774559,1
17.0,10.0,0.47748928533297214,1
24.323171618408693,21.547584513741615,0.09805652218822658,0
1.9888009228978765,5.475962500461823,0.7492751847603595,0
10.264400068591073,5.166789694784643,0.071536359844519,0
23.109515789939508,1.6773058115651858,0.5391894765109663,3
10.10799098299958,1.586054504702275,0.04415738061858998,2
4.6266997250190345,17.338224770834593,0.5957479770567136,2
12.984796377026619,22.13243614853813,0.04866097355369048,2
18.692799976510603,8.229659668349838,0.7869222667479154,3
24.423913215720066,9.176048792814607,0.20445560082073888,2
14.0,18.0,0.486191247297271,1
3.045899754876211,24.40828892610182,0.06431780431837819,0
10.331941211640336,24.55062329539642,0.9383123433373731,2
5.113203094839935,1.9039523168105115,0.2613785695184485,2
23.0,21.0,0.508839008957394,1
2.917836088546183,16.209318687150397,0.17348670517800802,2
4.937307806032548,13.543877242962163,0.7613950441658881,3
1.1707142661816994,11.258185779757046,0.6245033341634423,2
6.776999537104267,6.934211613943603,0.02908322291038068,3
4.648993758648285,12.409453287537644,0.36797559006435143,3
12.62302673365529,2.413600627951218,0.8862939316510441,3
9.941131403459485,0.41088453199549513,0.13836145763072827,3
22.237163832931127,12.659099007077455,0.21058793791964803,2
21.0,0.0,0.5071214040929156,1
14.713765698187697,16.370030668338366,0.31659900571147737,0
11.710659540603242,19.086862138322346,0.5320144718728149,3
5.858849652914822,22.81648180475901,0.44920338899792034,3
18.088095573693185,15.052817450036796,0.7540513806954777,3
22.26184190363993,11.78892092839722,0.17418394613143529,2
9.30704055713099,6.622863796300613,0.1552877131065984,0
21.093703743711995,21.57472142096446,0.9284857109264453,2
14.19538734848374,12.361002048876435,0.9541040899513963,2
0.7192012228396438,16.534204323195357,0.36949162740604,0
23.78505597875657,21.95484593567229,0.566647999017571,2
22.483421112697553,13.05693242850765,0.5370091261084193,3
9.586969872812295,24.48886523631598,0.4278780197113162,2
19.0,8.0,0.5463148525770299,1
20.782295795620495,16.22589019900386,0.13691374835897263,0
17.22808859050016,14.58027973824209,0.10098357318508921,2
9.051116025808001,4.623485732886803,0.9465461732173022,0
3.895449834389014,6.802352931856436,0.505978117108647,3
18.015292863387845,14.344058746440712,0.37764759327920294,3
24.680642855625003,22.144446230728164,0.4020641488476059,2
16.0,5.0,0.4788872862315319,1
1.9300692781304112,7.547376364309419,0.47349997070879135,0
8.536375646581698,2.6853685070151427,0.5830139972684788,2
2.1075668666451,15.619489078859752,0.2736613672720748,0
11.009430008552169,15.536203738300921,0.022170171643650094,3
1.3803421937964688,21.695243276151796,0.11050452940734379,2
15.27995288058962,3.045337244391505,0.8787402236192754,0
21.0,21.0,0.5498302156838913,1
24.981706526217458,9.810916441122847,0.3422898818885278,2
16.572695243902462,11.34830040284779,0.1710192509902959,2
20.904741398683253,18.141367110713894,0.6430736317948288,3
24.879827053876934,0.528305742503607,0.9231727808605604,3
17.99517817850691,16.18642803143107,0.5745777099286217,3
12.895635984896744,3.7981014855347355,0.36100409865339145,2
12.307409190286906,6.865346633438721,0.6326175078672825,0
12.423751109817788,15.341663258816984,0.9898996529964317,0
1.0,24.0,0.5332233888351715,1
6.0,18.0,0.5349652762456686,1
1.7248863140785664,13.997885785541758,0.4503900942279898,0
12.67318326994796,2.647714480722538,0.39267049631574946,0
10.51799532564626,20.419225857916132,0.15256649756009788,0
0.8886052009981299,17.8705095177705,0.2759621120181851,0
14.0,23.0,0.514748719204625,1
4.0,18.0,0.5069122426376091,1
6.0,8.0,0.5158167877487705,1
15.630604236234841,21.22504349910824,0.14908882117079192,2
12.727890773856371,11.793612056458727,0.7475277277076209,3
14.354035045053024,5.891231005874372,0.16821533618142803,2
12.953426570208354,10.90065769258569,0.468085025308296,2
15.725575676554223,14.064470152370104,0.5001132544992786,2
23.561749234154796,14.672483804004951,0.9051742592870599,0
23.770954516162103,0.649926477710136,0.46131545856502965,0
2.983165206588498,9.956815853869367,0.1663449109538525,3
0.18035444796919153,11.374508827370247,0.7299465930910216,2
20.19763487903938,6.707615075755513,0.38752847140290236,0
0.6311805654538788,10.139509648218862,0.3034470583021438,3
17.841473759292573,2.7531899587760646,0.19667298710900682,2
7.612191022509005,20.05303493029736,0.07523472371967965,2
16.13801357790813,10.495313772881302,0.49037895513401086,0
19.208741555504496,17.91492156426501,0.6446174259834385,0
1.514296473840346,2.9497260764362014,0.9622515418299281,0
4.652878220704423,13.345917995929105,0.5770229706041288,0
3.5677557991418807,14.071725179923906,0.5838955288737036,2
16.343656408393283,13.764551996807434,0.9429657060560086,0
6.972824195985486,22.775330473360185,0.9270708683909712,3
2.0,21.0,0.5086065667542937,1
4.2383525701104094,18.37805890014044,0.8063139846902604,2
12.705315021529135,4.820153405034519,0.6441869985047176,0
4.106017387119704,6.715729560970132,0.30840010845811205,2
20.0,3.0,0.4609061634411297,1
13.304996295208813,6.035322191452849,0.08465634726980975,3
14.911157643152254,4.930253218011382,0.15767523037062336,2
12.193943518845686,17.850794549858513,0.845974086166673,0
3.0,24.0,0.5326480795947391,1
15.966191000891921,12.003917723972979,0.7665048899266343,0
9.160285291655008,16.644701064718262,0.7455928089928843,3
8.49027806783158,6.370214362247292,0.014074150987157363,3
19.65638502747982,14.642345314899208,0.729630867573283,0
15.0,11.0,0.5367220786488927,1
14.068673350563285,4.285376304897614,0.7501408503644824,0
7.0,9.0,0.5168731494791037,1
2.0,24.0,0.5184252928367209,1
1.6978354147069634,12.668946747141923,0.7323408332325531,3
21.25461530147142,14.934416808357684,0.6921382539225759,3
16.0,3.0,0.49037307223369364,1
12.670153204691323,24.490893950901516,0.6822171092665397,2
6.0,16.0,0.5404299563360148,1
10.69493872095294,0.8352628085401048,0.589369100453507,2
20.677152598801015,8.586766698338083,0.45765337857721433,2
16.19068753310399,10.308553649600382,0.05183093245415393,3
9.131340111714342,1.795266371576207,0.09881823993367422,3
17.521972912050337,2.4736509900827652,0.06681270594355859,2
16.49822984074026,23.946148564086723,0.2113223002429817,3
17.25708611651231,9.162837320706036,0.11052448260297931,3
5.915665195234696,20.561406485188453,0.9150816848171965,3
10.051431380363898,8.83197498324842,0.19785136150533555,3
16.024635625812962,22.73718269576665,0.8212541993099784,2
18.566018597877093,5.84962138889698,0.30756536711520177,3
5.439560532685217,9.553224520652789,0.8536174310989325,0
13.919200464727588,19.61554956280519,0.542638559455505,0
15.299984487410562,0.4601266753389399,0.22430534033896,2
6.230221165187727,18.736073608808017,0.5877404751851697,0
20.62595464092507,20.929175100794875,0.8956100339984577,2
19.123987290029483,0.3498014760476148,0.4284216707688885,2
3.0,3.0,0.4990838603107845,1
24.935334660875757,8.366669697796453,0.13060409492563385,2
23.0,8.0,0.45351039779273394,1
23.114955393583823,12.393787109806231,0.7774135526331581,2
16.10302461713589,8.560549929784656,0.7410062349708904,3
18.889392122168818,3.467879837766466,0.9963339940705005,2
13.535368625974812,11.636637412536754,0.15506575890502428,2
10.480991904953513,7.4061305293416755,0.4331118638034621,2
23.07711456785911,16.91416894284418,0.7776193952289474,3
14.76246150155649,11.03278472637997,0.08796485769684137,2
23.513352960611467,20.99872263684407,0.888259287098782,0
5.685327351328173,20.258314897558787,0.3269242225894894,2
15.155062934121466,13.419297197524008,0.5390640631825495,2
2.253822352747767,22.707002764539837,0.5232559854718893,2
19.879033673161853,16.985613290466077,0.7236559396300974,3
22.996192993992135,4.060470500303601,0.6959317602249789,3
18.57276291455143,7.287013723716774,0.1545052147232716,2
9.095152533841237,13.439820167994931,0.4895504287809582,0
3.0,0.0,0.47815783467209627,1
11.793389670178827,2.1634360361229064,0.01386955459121475,2
15.383565315190435,14.714974508302086,0.22045030922836673,3
7.3036624237613506,0.38882801721978055,0.26545924317866587,0
12.254662816633422,0.25914249677014556,0.15841894638327347,3
19.81508377711096,22.90529334063163,0.9936756137153191,0
1.4277699766246876,16.428306605228247,0.9580160813916849,3
15.796497670711492,23.211932067865693,0.20062681943265814,3
16.286079684669758,13.945236763232716,0.530096482999251,3
24.563341640172634,5.33684202805694,0.7711763935121986,2
8.322313607033957,5.2005684297701364,0.5946367674048623,0
17.982243237142,5.202943659849882,0.31555283053818806,2
2.386016456430684,12.534244648273345,0.4996336538514977,2
14.547940180761612,24.99436202397514,0.04787997875746741,0
0.0,22.0,0.5095476902653362,1
23.106978626716085,15.367048390559972,0.5581456883888906,2
22.060602446835293,23.184873107430523,0.5029295844118759,2
3.2453753299617416,12.90283971012739,0.3067120556552292,3
19.0,15.0,0.47841931300430773,1
15.663062664638625,5.233800169167821,0.2820244163879908,0
15.393231398740728,18.62089885970484,0.061484394959650523,2
15.25970728829297,2.0360319097059767,0.6818533631031053,3
2.4781540027845326,24.432014060860666,0.8213841613795703,2
17.0,24.0,0.47365710681437234,1
5.320732832641986,16.24000520319721,0.93296528211358,2
14.636754579475554,11.157976543002851,0.7417067525490636,3
1.0,16.0,0.4899508305895677,1
7.574967946847064,22.07657420898615,0.18429015183816955,2
21.963418063010877,3.7953549526759165,0.36072745335830914,0
9.405886898560178,10.899550659628412,0.5107887130528761,0
14.0,11.0,0.4836425547435418,1
11.550133663856391,20.26145737577429,0.9610320928024038,0
0.3946401211488232,22.069837548057208,0.715551083509362,0
6.630009092839978,6.785256904412396,0.7134827282955117,0
3.0,22.0,0.5108953589162265,1
7.0,10.0,0.5332526631192401,1
22.64848952753958,20.082393014002868,0.7969792486775047,2
19.489378997464538,11.321227277365074,0.3796998004708346,3
19.0,11.0,0.530168156303799,1
2.044110283191511,4.554826568511341,0.5988306224695188,2
3.3407038357997325,20.36829380351518,0.9545319540514113,3
6.971521980894751,15.600813339708761,0.5510075536397303,2
18.59801624725876,6.914156753653322,0.9441829478930033,3
13.0,10.0,0.4868864730928709,1
17.704480644702016,2.3642293469529454,0.6774939740829506,2
15.554336827524828,0.42575561198804346,0.30679171524873194,3
19.03485685576848,15.264605135316453,0.7535730338753026,0
9.265708353828447,7.0787981152000965,0.1143725288430063,3
24.445321840431784,11.284389584885309,0.9898977612411741,3
2.057548481873911,24.272343572147694,0.33179746578868186,0
3.880005181666943,2.959735897015431,0.9698134713187234,0
18.797406450285845,19.404075780393526,0.49515805838201765,0
14.445385350920278,17.146160176591106,0.44102711958320806,2
1.1533365756704024,17.97369695417404,0.6470645473425444,2
13.534532604568847,11.031407980805822,0.13805874180803013,0
9.541429192649437,0.41954426307835857,0.44581519602437647,2
12.501279944189958,5.146743348093477,0.8063211290295916,0
15.163664201371013,9.3873456717078,0.3621394595824785,0
20.2491603331396,22.346425512637815,0.7165702345057163,3
7.777410214822608,15.738886578310202,0.5491517616796289,3
12.213934276107368,18.89732927757733,0.7725046799010709,0
6.868956768725604,0.2202026462604506,0.7102880974232827,2
2.7267542012461012,4.979605877253254,0.24861015985387025,3
21.939920526365892,10.443073532957492,0.6675352781789012,3
4.129895717932428,5.488882785588614,0.23955777990243454,0
22.0,12.0,0.47469038994556506,1
0.0,20.0,0.505249097655098,1
3.0,4.0,0.5491871410336058,1
9.0,23.0,0.48159627919538367,1
18.68850577214499,7.351623943011062,0.19495156713431327,0
16.54811111451414,12.338161391597344,0.015790585626572207,3
2.4936049617215934,22.070956579538667,0.672742162694973,3
13.702725306157856,23.400250049579984,0.6126633645182292,0
20.0,0.0,0.5188218485228224,1
11.241826126681683,21.63695240301577,0.23808635751075857,3
17.978540994205343,12.11434448434331,0.599610302685989,3
2.7696846766264716,13.24580806485958,0.10885660445821321,2
4.225790596375625,14.29248446325165,0.43885039926464564,3
3.5146808075863762,19.258673431721437,0.619773050728978,2
19.006836294890956,19.88901720989974,0.02854415822973977,0
1.7770561988600138,7.859293149359853,0.3520488007434538,2
11.113614377324707,2.2267751338119313,0.959787122075045,3
20.178861023121694,10.438213133807771,0.4678874591661083,0
13.813409063920028,24.070125922092974,0.566113534946582,2
0.5360576305913078,8.916286983621498,0.5229670660807553,0
12.0,5.0,0.516470969880101,1
3.722867962744461,14.148186013878867,0.5506254079803181,2
23.119900606791756,2.319570494245135,0.9827148362550383,2
18.0,0.0,0.4656486011724108,1
15.961432797085596,2.8370126699815397,0.10576349067045876,3
3.498883481413617,23.806834474167264,0.09435287263240077,0
0.13261735858353108,8.72207509763531,0.5719319976903334,3
16.39413413358827,6.191482177199783,0.24693021400052118,3
23.041458488225967,17.65967926858312,0.46154873714173283,2
4.144726596921863,20.560078431866234,0.07703521615952413,3
20.080762875826327,16.870049505160004,0.8752628276254506,3
14.899850728530359,11.473297703571633,0.5125867878553866,2
22.09685367086892,0.6668994530529548,0.41835073737465067,2
23.0,20.0,0.5468693282920417,1
15.0,21.0,0.5091345239506966,1
19.92635370817363,11.35422924927758,0.33648953821981453,2
8.0,6.0,0.48802700539563915,1
4.0,22.0,0.4654287121101004,1
24.400151029289777,16.31383269213539,0.08088622497641407,2
5.0,8.0,0.5024426088078934,1
23.95028013482623,17.957923020212068,0.6877269816932938,2
14.32485207817561,2.421646596436772,0.7225133389407505,0
10.425414287643624,7.944319477100764,0.044317099041595864,2
11.0,3.0,0.48583062997105864,1
16.98848545210533,16.840457612264547,0.705419379207415,3
12.0,24.0,0.5402206282697155,1
23.056079175548412,11.598498159279123,0.4982707698596983,0
0.8887532656644159,23.53295883680275,0.971835490738885,2
6.530657593578312,16.620333356889923,0.08011003205784262,0
2.7361578474073918,9.700887100081518,0.1491452162101886,3
14.140554816139547,10.902686419795826,0.25289538741726403,2
2.6406782573090704,0.34974338405656946,0.7159594228547894,2
11.636522604567814,2.9374214206500104,0.3625763728711213,0
13.070341294911634,1.0524107007453543,0.33871299488024087,3
20.657025022135763,15.931609630684532,0.8723498755707346,2
6.288533015620307,6.9108350205144164,0.9966429400918919,3
18.558351168370578,1.4554375594852482,0.49303070257321857,0
15.526521816010153,10.00917809570637,0.7434305027350134,0
3.0729520381101105,18.996470232369532,0.7301477057000583,3
0.2536101472526614,18.776059870520577,0.8482417884060165,0
5.2901138968199035,3.991760187032442,0.7912347628252754,2
14.85089355102115,10.224048903902885,0.7693977260888344,2
12.823354379545085,11.76581721646347,0.08799551480426737,0
24.08934825222332,13.57310190075482,0.51870670643041,0
3.340164282596983,14.165021985644,0.40187590130986106,2
24.32492670821728,1.3520751241815594,0.5937407125371903,2
19.381329449241075,5.042744459418541,0.7768325247997114,3
4.39282150464172,15.670723506188294,0.8948943041586369,3
23.345097864510038,16.073503170621624,0.7107493538144117,0
11.0,5.0,0.5274112369957391,1
7.3365506955192865,0.2422550183116018,0.6743664696077674,0
10.96100405171706,6.338271706550197,0.7257680456748632,3
5.353002205266366,23.436426081879357,0.9307472617149746,2
6.316800657378618,3.3111435152129776,0.8059447413648857,3
3.6282873757042395,22.15886519190618,0.1994586108354166,0
19.599373048277165,2.4498765815233163,0.5956555407759127,3
3.3318749814013504,2.479302577625692,0.13269770543193837,3
4.178331342863465,22.44467702459158,0.4113865826130344,2
22.0,19.0,0.5243721836010126,1
18.31396410514581,14.909576182028966,0.19141862159848533,2
9.002318096157882,23.838647090481714,0.07374223358731735,2
8.924387991341073,20.852040031291246,0.49408753898375823,0
13.283751061434668,8.77294016094747,0.8514499154495434,3
4.803987258741876,5.928195780256296,0.20457230837403118,0
12.883061274598665,20.59763231766698,0.1367254554399584,3
4.411734944372434,22.50719913822904,0.7032445389017885,0
1.1926230637182844,2.2374913712049387,0.5761510234930053,2
24.274028879278134,6.376010100455582,0.22451202652586133,3
5.1587425922647565,23.46842764409891,0.8223213633226283,0
2.263183863653734,18.81804395017647,0.7450657805887149,2
0.21640423652874163,3.0022312874078527,0.5257193616326044,0
16.938407183777983,16.93299167874992,0.49979467564426205,3
16.707166011515632,3.551039388877691,0.013242373767503701,2
20.409508707362892,11.991932657267764,0.37819558575784873,3
16.642588387372008,4.579199123475891,0.4068870687723325,2
24.67054217326581,20.657383522787555,0.49590646521567305,0
6.872340437698826,13.312725868601746,0.7916460761576011,2
22.0,3.0,0.49275322253932136,1
8.604611054221811,7.3472395244668585,0.4445733971457845,3
20.20836794070955,17.06986506152263,0.8348130345656144,2
16.75277469623281,1.5061799504030442,0.5383126003142019,0
13.24545825788815,3.967056035664876,0.9002341904144587,2
5.517118918692618,6.39566356724211,0.016677099991623368,0
18.662106956547984,10.682193647904068,0.388013089731884,0
17.451570743301442,9.150543430941314,0.35408453105737714,0
9.969701132766923,23.331861548381376,0.29334384191254315,3
15.342139998987614,11.314700342685391,0.5412364255000577,0
13.144949529895678,3.9896515880867596,0.3220075474067071,0
10.115989850139293,2.5388997235164497,0.1400959179564475,3
8.659563339342965,18.765394079629054,0.7529012844231111,2
11.962522090747264,11.007406798447608,0.6660092735546926,2
1.5387051277865993,23.70218725010335,0.24354772047901674,0
4.082920142880287,12.523938621324229,0.20218199572865692,0
19.974525735526612,16.638778605422967,0.06779291901858087,0
23.07076536711547,13.426938015672116,0.12482381034816281,2
12.168426974793459,15.657167681740825,0.6321342900123988,2
11.0,11.0,0.5397438325888898,1
13.122110475991668,1.5909777507708363,0.215645947603611,3
24.0,4.0,0.5308621090381048,1
19.234536369472753,14.963195341342777,0.5672828832724618,0
19.0,9.0,0.4658198275014467,1
4.17080839718878,3.136404387814376,0.4660747852781769,0
2.80390323047518,9.177995039712602,0.5564966157582607,2
7.971337429368494,4.75478244091142,0.4835346174463834,0
1.2910744958536335,19.21457208833112,0.06121950919534447,0
18.455861825931347,13.003875465956844,0.5754254147508736,2
12.897118792339777,23.47661799036083,0.8167162419983404,0
23.275395926345965,21.684725640242625,0.4621798316209391,3
14.381013733131104,16.795797869086176,0.5821104310342435,2
16.902505345892106,22.127219401848325,0.12317472656190642,3
3.640715611344886,9.032242062901716,0.7831347187497616,3
9.566885308817188,5.837585494265237,0.7994426116326496,3
3.0557461106925614,10.234367445752882,0.38177267557890804,2
15.588628046475254,9.849644186979278,0.46237718710473297,0
23.625926425014214,2.0655511526215307,0.6982149909844201,2
10.73179445086685,19.9168255961932,0.4718784137390355,3
18.0,4.0,0.473833103880736,1
8.0,5.0,0.47663489345466886,1
7.3309533370021,14.849521220752123,0.9689826583837463,0
23.909666032710586,0.37790945179057844,0.17530994123357435,2
15.692603131900354,22.401468864868324,0.32076711058400065,2
18.45509503536614,0.5390253691578528,0.6914953124598764,0
18.0,21.0,0.5214942055031021,1
18.698741582827335,1.0474356098254423,0.29225912040952295,2
11.510177999493262,2.584874970899595,0.4494624304083299,2
6.0,19.0,0.45738249367758166,1
5.604668743983482,23.165339313609675,0.8946921726587441,3
15.376691437564368,23.622614741162774,0.3212935698018591,0
15.0,10.0,0.4550349517370836,1
8.2784241052203,0.5969912994916338,0.345717321559448,0
1.9237320119678465,23.91840948676863,0.7673112291884614,2
17.464152271501522,2.621495632717136,0.008918573839074018,2
14.693307764433609,11.702318063572903,0.23373731610637194,0
2.9781962215056663,23.26987789208326,0.32987536128815886,2
21.5592859132564,16.257232729294092,0.21848601521401123,0
12.295380737450634,11.831921942298726,0.17026476228476983,0
21.344086955640172,15.240220279409911,0.37232403800985636,3
14.921451358868973,3.1769009986068215,0.6866287697657513,2
14.206338462526158,19.334753742731706,0.3859817212638952,0
13.179874387623078,13.42923340375557,0.9998756578053458,0
7.3885203043098455,7.001460094656043,0.5147635122463605,2
17.706311781469406,1.4221319336491094,0.06752524187239695,3
2.0,2.0,0.5025442560518312,1
12.021506708926458,4.760111622966673,0.11575258167427926,3
0.3546683263389555,22.571868788469835,0.764837593482831,0
17.0,9.0,0.549889507593082,1
23.210309983584658,3.309444068605505,0.03752038065167329,0
20.163254190587658,17.724870522433687,0.10620050543292181,3
21.987296421919027,2.5118853353029493,0.3580004581463089,0
23.0,12.0,0.5207482437106467,1
15.17355659694711,11.831074947521165,0.9615448341800615,2
0.0,13.0,0.46769205271884107,1
7.677334366980593,12.402305108003004,0.9907223584972157,2
12.820608467697186,2.7045445814550235,0.032944867372133646,2
24.127940429504292,1.9148917355240935,0.551054173382949,0
14.326385847198676,15.175561790841414,0.16573077652383528,0
18.210966792017302,11.598148400547359,0.9243598344836134,3
14.804124057823964,7.007139496632561,0.6779917963841611,2
22.2675934328023,8.00843929485002,0.6745915874685798,3
14.271366573466453,1.049539934146404,0.9993076715693192,2
16.104572697373236,2.0439038359816974,0.5985645131022898,0
8.3867333244526,20.91578465467078,0.9315939339873769,3
2.418494927747189,10.21173102536475,0.7608399695384204,3
9.709415539332031,22.69826096939518,0.9351058488440049,0
21.244062405221584,8.113182562716215,0.6285053601442155,2
2.359665096418956,11.831301966821552,0.4149032512745139,2
5.891940567424555,12.576071281676073,0.07127068778482615,2
8.904604988493055,17.03955449043669,0.5133922690136429,3
23.847939928710435,0.4731084458394236,0.08199225879440986,0
8.0,1.0,0.4763772969728509,1
18.0,18.0,0.5064167780317267,1
14.727023026206808,4.037583383319013,0.8530356622544959,2
3.4619566442837564,20.826415932539636,0.7939973676931872,2
10.389280933237599,12.417325190091466,0.9294489508290623,2
6.400437737329209,4.7634460984397995,0.4781475335481311,3
19.35886118335053,10.77992901775901,0.5177052032420413,0
19.9060187584223,22.751220199141244,0.26355242678725843,0
9.604268794221413,10.165431460109803,0.06436575441709291,0
7.57522498660218,2.0735621564272835,0.36943783565626653,3
2.648282684068559,11.164518479975664,0.2238854284039069,2
9.788097509255117,21.36006407747405,0.7693823114697621,0
0.12212230048107842,15.658110240687979,0.3490130792372824,3
16.853375335493126,15.837046493383278,0.6548522696246568,2
13.293994063096685,19.487824429845016,0.33286417889670017,3
4.1058807530121815,8.480430323531671,0.6321808722155271,0
3.2318361530314696,5.780298288044031,0.1951569993528125,0
6.401982276321908,19.072342870688534,0.9366743434696374,0
13.619541701052498,13.0939458515654,0.7311077230478906,2
20.167595418400083,17.058324919330637,0.9342398424754267,0
20.0,9.0,0.5126525408858204,1
12.45021646432096,13.316239726457443,0.7849518815451438,2
9.036993052836198,6.935650167856114,0.8761115338297124,2
22.065749680683076,1.2572718022174467,0.9107124878231027,3
7.313493442312466,15.962889336706787,0.4043010642704007,0
8.453199357009868,6.272476772489649,0.5546357284435194,2
24.07717660939682,20.39022209772051,0.05847702221337159,2
10.121900142945911,17.283020253089912,0.8075320140288513,0
13.614286070251913,11.79679062012545,0.8853539891807507,3
5.706758142116255,19.6471215917681,0.742282717490844,0
13.333218491480404,22.50906744509564,0.10726705489135946,3
4.0,10.0,0.5356498238705991,1
5.737283279471081,2.2013649897816094,0.5772449132785816,3
18.46098000079891,3.213291097238197,0.16037018621665766,3
13.740130600360889,4.513371849516909,0.269275506648045,0
15.0,2.0,0.5088948713813432,1
8.307841440104108,15.53489566834158,0.021411157786377588,2
1.3156326452107847,16.103990435689763,0.4806192694808321,2
9.005370330854163,6.952977072409114,0.2750160183285053,2
8.458057118686064,4.309739132723473,0.09318513541717866,3
8.385980113958288,4.517535420033897,0.6781178886999576,3
0.3653096371767528,18.257354315258898,0.5528194448190018,2
13.0,17.0,0.5077852131946726,1
5.294469028710908,3.665106177328528,0.2051666086355156,2
18.483564961133883,8.396269309237198,0.36206097545676397,0
17.3031503225744,19.48979417005619,0.44652786771127206,0
9.746516836331361,24.938278593184275,0.10944743612062768,2
20.0,2.0,0.5319043891356893,1
22.89262641246904,6.365805098248711,0.3676771629267078,3
6.0,23.0,0.5136565909684835,1
0.7458068937539836,3.847597723611745,0.9688775842839078,2
1.2201040390552476,20.60641684431094,0.3527465161326985,2
9.0,20.0,0.46350506953466697,1
24.43783369123426,18.626999403550418,0.7616618568594365,3
2.9806217075486168,1.673349644686542,0.7427535320427496,0
9.997052683109919,1.2935255695340042,0.7477907866007821,0
1.9967440770860128,10.25925369718626,0.43176806618087105,0
19.43907904697112,20.44461887312858,0.5751596307283072,2
17.289662442314206,15.812285303562955,0.6072088195450864,2
23.872823251832855,17.415718789056765,0.3231054515309123,0
24.0,3.0,0.5254613340356942,1
4.6603814222376805,18.402594222921824,0.499292328688563,0
20.0,6.0,0.5017937281775128,1
10.0,23.0,0.5294993793112263,1
15.900021392865163,0.24061102497656417,0.8179716958394245,0
16.60357965357406,4.785487878493575,0.84935484306969,0
7.206557128138513,3.5932889091058517,0.26170495516661074,2
12.393177197864757,15.552348878874794,0.564902262522807,3
6.0,4.0,0.536147659172062,1
9.594412894220872,24.20437484761892,0.741553216848518,3
21.595379432265883,3.0599712607355083,0.9864396754319016,2
3.0,18.0,0.47067243518830115,1
11.433597268384624,16.273244498514575,0.17697048682957528,0
6.831914376469536,15.707100656009853,0.2753865575940735,2
17.364362505254903,8.35410488417362,0.5658138098547213,0
3.4852368989803733,11.135592738584979,0.5483694432922636,0
2.9333938880654333,13.692813517063593,0.9838402687904743,3
1.2391906751072823,3.380830046758396,0.34270533710366446,2
8.21796430118506,4.97253952647373,0.1419383551895942,0
19.74557814796804,10.349880854140798,0.769607764793098,2
5.177739417541948,0.6935099239332748,0.22993201778782513,2
20.119893697952428,23.946760250220052,0.0778875182866311,2
7.973999403218479,14.330359126547073,0.22398646638164577,2
0.9964393068357974,15.75418535475471,0.20584974241719123,2
18.0,11.0,0.46464777820794245,1
21.723033126246168,12.925768682461705,0.10028433659175162,2
21.338875616950823,17.759554980006527,0.44176023027511035,0
7.625353190274223,3.427064534210675,0.7431840283740114,3
19.707293873993553,20.9365390656096,0.5353700097911855,0
4.0,4.0,0.49074430885589,1
6.584509029558028,9.217186024788178,0.5582141939040389,3
11.0,8.0,0.5181422918493961,1
1.511730291618596,12.35741510410473,0.6174450597330731,0
11.51898307862057,2.9922560184750036,0.01540499411290075,0
5.466814115899518,16.031354795167786,0.9657232735019142,0
19.001453702367755,8.047551758567728,0.2324445857855777,0
0.38908184792246225,7.262449025573462,0.5055966034052926,2
11.719602191695074,14.238544268552767,0.7102682002408685,2
12.230209118190515,2.2145931965355805,0.42688355980214454,3
2.7124023163462962,8.065995311427093,0.9034706920298926,0
8.862611234350663,3.5684259040892203,0.4722127763805747,2
12.77594859153585,8.50957276926704,0.9737767905918499,0
1.0,8.0,0.5191522387765912,1
8.662989016566097,21.762578401855695,0.6164952512253159,3
3.646444254279446,13.236748698858547,0.7972307664205146,0
4.278737776394212,19.35847783810272,0.48549656991627865,2
15.0,19.0,0.47689520541865615,1
11.28262420506638,2.6449203241534103,0.5875599422309435,0
16.172398301268295,10.489854854005618,0.7728602627342712,2
10.49402039797505,23.25185315170663,0.8068623574314895,2
10.76551012479573,20.409486638906294,0.4314889056533038,0
11.128032440823327,4.943185033275357,0.622077559075006,2
15.929740604188414,7.142905002073194,0.8863831814566814,3
14.099916122707848,17.084387153758815,0.9356756949631397,2
23.51467999949595,0.25865284491430607,0.23874496346676866,0
2.0,9.0,0.5085904371719403,1
4.415502389012552,24.57821595901831,0.10813933323161118,2
17.0,15.0,0.5151533351233736,1
19.55471809112852,8.67768918134029,0.588491237296468,2
22.255057685207547,11.148733066308644,0.07276015212354936,3
1.4019605368121413,17.97506897523889,0.04326329724378297,2
6.0,5.0,0.5320291508388296,1
14.226937104767194,2.882910382186252,0.5706676249027453,0
12.382773030039246,14.80745670742259,0.5977687327727507,0
19.0,20.0,0.5104374846916642,1
2.444927930566193,5.282998209028905,0.13243136751306772,0
20.55239709738647,1.113948871470971,0.10622156598682386,2
0.24199527990310943,0.84090428084036,0.267745363183744,3
0.7476034281139243,5.269844016944411,0.8649162440994435,3
21.296525511925328,22.58921162265352,0.8761988973652489,3
14.059989187549077,4.3578123378797216,0.35227656233010507,0
1.8443265348538045,13.650633643132842,0.15091113541954138,0
10.0,0.0,0.45332912909089196,1
2.8364233628389246,2.1251229283486968,0.6311984847309049,2
3.4153384100058055,22.56939413542389,0.44521357839325515,3
22.291963399877442,1.8744045457081804,0.2297806395404779,2
2.8706990313491945,10.690757538133736,0.22390847325215246,2
23.489813923168402,14.095794749925354,0.5154877426132434,3
15.721584487310055,15.664114535569858,0.9692138916430122,0
14.308780642469262,12.077951846508899,0.44078606912254226,2
4.391652017104677,19.472009237814557,0.22780205125671737,3
15.109569016619353,16.11767885786159,0.7214333901517567,0
0.0,23.0,0.45898574009894,1
9.154327346627738,8.027072699492043,0.04102093190592804,0
24.575426806673253,12.324720283975726,0.7050960942983665,0
5.05899195375267,19.290589258028046,0.13346349862682327,2
2.0,3.0,0.4619023850882613,1
12.874188896412722,8.584229130815348,0.9740494281527238,0
0.0,19.0,0.5236231317591258,1
15.706038291978835,19.058057191355026,0.4632585619831231,2
1.8451872565692056,9.697449697634363,0.38411775345858534,2
5.423197555709022,2.101523002548894,0.9681583848531234,0
6.287783723191032,23.118276680215907,0.16233785701341918,2
6.0,6.0,0.49972288250368513,1
9.23739986716976,0.789100692611952,0.8586556609498358,0
24.086870188450035,17.571557929487724,0.5043503004644818,0
24.636073657569266,21.945332403394644,0.13661432311880506,0
21.855229614289023,21.04385493025379,0.09117992122135665,0
24.0,6.0,0.5106887105779616,1
14.956749502351746,7.446416349628205,0.21281759456651783,3
14.0,12.0,0.4583056785372805,1
16.337080948336176,7.298004357691931,0.5829605957806672,3
10.996489199671394,9.133334050989673,0.019266683653598182,0
13.332119159654054,4.716497334811306,0.37215028533072014,2
15.0,0.0,0.49218962580602243,1
2.8036660753226723,4.578352372409469,0.7821764622602244,0
8.699046100236513,0.024100756039360793,0.004417305403729865,3
13.605898863443814,0.8521190029826736,0.9826731380938352,3
21.971937196377063,1.319846569824909,0.038959242823437545,2
19.326792323176413,12.97508358841515,0.005940588482724163,2
23.0,22.0,0.5298235167707431,1
7.157397570099436,20.071665114841075,0.10877055231144872,0
5.302388395504243,20.175846177445436,0.9884690437778105,3
6.586497731098728,20.685287622313254,0.24179343875082515,3
21.348531764989325,20.362977670626535,0.5107010678211326,3
15.315516939247157,0.8065477119006015,0.9559308018609599,0
13.0,0.0,0.4842377561603611,1
1.497902519717889,23.709083184367167,0.7368924764661744,3
19.749263030819087,2.0469661355624558,0.6559184209960882,2
23.809236931523078,23.10400798088767,0.5518711410767877,3
13.0,4.0,0.4855807869611004,1
10.906881707551037,9.696332708320382,0.1184444006250579,2
5.489961765864434,3.2751260894513385,0.3509939983636954,2
5.334004598263517,12.448150356922419,0.860228405131551,0
17.086003500999517,20.297509148550034,0.45601887927911555,2
23.501956921349638,21.07572579061609,0.5772611863788955,0
1.4220697156730773,16.26083045739116,0.769790706985362,0
21.0,3.0,0.4766168459241344,1
24.460467128311397,20.911444616859118,0.028393156141722664,2
0.758180197071559,15.998639236564916,0.8503827816666333,0
23.77816171323868,17.53827336125239,0.04976995045976085,3
9.729272408522792,14.062551475923094,0.08363262133080673,0
5.397491296074045,19.84376227411245,0.7810127614790336,3
17.455538077022485,14.751452149962452,0.5021502706530171,2
5.537767244047084,2.4471561441941265,0.7257331944662667,0
7.886522137036145,17.987744105383808,0.583507856017114,0
21.471905103286723,4.0828462788861986,0.9513661974058708,0
15.224342958890574,15.639829086658876,0.500631004120706,3
23.88672378469625,0.15861245570810145,0.06759354233994852,2
17.192795847665884,2.64624267669791,0.5210708630210781,3
17.438099018370885,13.718471517457287,0.3875520512217119,0
24.592018796874836,4.2194476496921425,0.5809848521075128,2
15.377377182151768,9.06451068553894,0.6232751818812897,3
19.23385670573269,18.04806224716539,0.8722881129524278,0
4.287460910353314,15.224820691720831,0.8192115399253735,2
20.39632021627122,14.551109581883889,0.3405599659999745,0
13.532953840547718,6.594442788579455,0.9702749944025985,2
3.9120129859467556,15.692054747068207,0.550513541574162,0
17.199283667604405,6.351455372118478,0.6505049941180926,2
9.140287312805096,20.121636792850534,0.29861483568337377,2
2.0,6.0,0.5315435703716138,1
6.9288059216019136,10.755695710779733,0.41027964488886104,3
19.520806561658308,16.873932989022286,0.1437336819960412,2
4.0,24.0,0.4823028614202161,1
2.785805872998634,16.561825993589558,0.47693068268559746,3
7.575747081172526,19.39864069239689,0.5375175242985221,2
23.570784778316387,5.126759390632171,0.7147959872629273,2
11.822138851513161,12.106866493859226,0.269348239157564,3
21.51462390386563,18.901039335385967,0.7930345127569225,2
21.059636837409617,10.472784216648181,0.7181028217138815,2
14.608544959080696,20.52554606738589,0.4754683713420129,2
12.308510473822423,1.5074800987993826,0.3855037097517259,2
15.413444339362634,10.945768672576946,0.017329897011369777,2
4.288517510755177,3.5440082046039656,0.1156226573839666,0
2.129761377818334,13.048815613774334,0.3379342101182716,0
13.90962467330401,4.185088162404951,0.8371809483519973,3
12.120102764923466,2.030806975097632,0.5295573059225599,3
22.7538224985483,2.8833184555718705,0.8498093446238268,0
8.922396544991503,2.632155199714767,0.2215844282487669,3
7.416252302446893,3.172855080822387,0.9802943885153044,0
10.422693905001582,12.150939944665796,0.7281845845457257,2
12.401552159981549,4.50507505718023,0.25234136765127024,3
5.0,18.0,0.5207410581001147,1
16.763376454904176,11.749181091212371,0.731764753745047,0
20.3177705784085,22.964058478682396,0.7777709662761438,3
7.069955257223695,24.749791886395034,0.9153789808746122,2
4.2916296282627,13.861362786935116,0.10799566140950478,3
19.574071619801664,9.017655308297623,0.26707288225199366,3
0.0,12.0,0.5468676156710406,1
24.278738403226818,4.01558809682441,0.6192527218898078,0
4.893139366616111,16.009784943242906,0.8339638447471764,3
5.029148118304527,8.088630773863295,0.31415730549912413,3
4.696717304716278,2.7203801119740496,0.9136709774503609,2
10.12940101882772,5.488269282588626,0.23689989273128642,0
14.038981284567411,3.764358254882616,0.6937046242405234,3
9.334780764900467,2.6505350452055154,0.47618273431007885,3
11.345216164569239,20.987923667198853,0.605284503997792,2
20.225726049894664,17.226472416577803,0.4246071970957688,3
2.139230923879351,4.2161215691781715,0.6265236396955043,3
24.022083519897084,9.216284032745673,0.37615868753923454,3
4.827891888404712,1.6069769081841712,0.8470280853506088,2
24.269660267377652,9.617482820857571,0.13054062000212918,3
24.0,21.0,0.46475617623054344,1
12.349075588746244,17.876246535711072,0.6647279796209576,3
20.585133711408677,21.885118016985313,0.03769498342749755,3
0.050453190848220864,13.872724726065641,0.3302225116712032,3
5.657418540583037,10.778124018307214,0.6338836729025191,0
13.860851350174924,20.6567862576971,0.8058313810600609,0
4.216367138175387,20.28594574923079,0.31087542293163384,0
24.64635620314162,11.052173100134329,0.4994498486810751,3
3.1071883152343327,2.237911952628882,0.34315452486049425,0
2.27938892866488,4.306740836430375,0.9367358469811011,3
9.210239332722011,13.65871754268833,0.354496798295605,0
20.48065760817364,19.88752242927741,0.8619625029878876,0
14.91937987996331,13.965425378822493,0.4998587735576444,0
21.575601410911517,23.097142708629182,0.8583083663778548,2
18.87475316443451,0.5699082411665307,0.02733810059558084,3
24.0,24.0,0.46979440833213354,1
17.171403276794994,11.801068608696994,0.3974766030768204,0
9.0,14.0,0.5275266211543328,1
9.831005203519835,10.449134293505818,0.7259411557208044,0
18.526462648593085,17.034879301336275,0.7461977889007779,3
20.98250610609863,16.249013692166418,0.7883909261974527,2
10.56025631421208,0.32006682944629994,0.952508631499569,2
5.322312485400019,7.975340320457641,0.4913820978900717,0
17.0,13.0,0.4962152404538462,1
12.2906915409628,23.459625696535426,0.40009183847418683,3
3.7056131634596756,23.983020280319543,0.09207442490141093,0
11.0,19.0,0.5324846584938864,1
22.0,2.0,0.4741179809364407,1
20.752780550381512,18.717136736639084,0.9315245813654147,3
22.0,23.0,0.49385331202599125,1
6.506973657053317,4.516011634050049,0.06605365932413187,2
8.394719840538489,4.340705682240619,0.31365233061063125,2
16.19188181488365,12.607868669739217,0.24076981335736847,3
18.443819859273113,13.052468731732688,0.7758333975017521,0
3.183148909583075,19.01004728761792,0.8732921193762908,2
0.002459777327537549,18.90362764199654,0.7770241970607596,2
8.0,14.0,0.5472893599700668,1
11.151203429886833,14.007004627166314,0.45807663219879724,2
20.0,18.0,0.5168460199770111,1
0.2652462674534284,21.32096919149894,0.4961044461639258,2
22.44966140941136,1.569744628518757,0.22659820324973168,3
17.936059633741085,6.093853839425526,0.6305608098024782,2
17.078912735539355,16.479687963977714,0.708528742753304,0
13.904215505592854,5.431725021386819,0.7709462127242127,2
8.026277245225963,14.638643619306768,0.29033229183053966,2
0.014695811373824363,2.094873051487192,0.05222772736839787,3
9.949518787174243,18.072953998406387,0.1387857107410163,0
0.0,9.0,0.4644825769890372,1
21.894464816978505,2.4509440836427894,0.9133202579602219,2
8.495769666577463,19.405203936337152,0.7645678189818289,3
1.2792790503331541,8.6000784763317,0.7234809907164905,0
15.0,14.0,0.5392626090592048,1
15.02203569328925,6.8987634951878265,0.17188316721429386,3
20.272831366458384,17.51795699497218,0.23116189438851908,0
0.900300654270253,1.6808202002024042,0.030857638202369864,2
7.427076135436386,21.01209683772699,0.08087242222913393,0
1.0958162100526192,1.9861918805753942,0.638183660472088,2
23.700594720681675,4.367763347790113,0.6989300465158018,3
10.0,9.0,0.4521082060389311,1
9.55848861397035,7.338988502937344,0.9071435038691263,3
23.0,24.0,0.4764721082163761,1
17.10599621894789,13.39371046161372,0.3450896498313757,0
10.0,6.0,0.5447876521887473,1
22.0,24.0,0.4786184478935603,1
17.0,14.0,0.4527661246562836,1
23.357322351833602,7.409890139340305,0.23158302237168604,0
11.704983595809967,0.5929919837809827,0.8500434227869531,3
7.9383029386649095,22.132851245953127,0.060427904850705594,2
19.78193165174107,7.912224809874008,0.5010443667261829,0
4.449523846708583,5.654127926080404,0.5093449461379013,3
3.5671089611876012,16.46262446550064,0.5705180426935408,2
2.421461999260327,3.4964119944111998,0.06345151686101413,2
13.233384552973728,4.0577748321351335,0.2763393765478701,2
19.0942326763157,20.173288020304224,0.21172129425444075,2
1.0,9.0,0.4838525214779586,1
14.966146108322398,14.315148121655467,0.39427303325290985,3
4.2446501832861445,14.210878795601698,0.8239077326229819,2
6.562196035481346,1.6617498373489554,0.01562817029103214,0
4.483537591337577,5.08298156659241,0.07943126563786884,3
19.22146787942553,19.629039045835427,0.2927302753596972,3
23.2543902027461,22.347696693450832,0.8226108061267776,2
8.470307167183993,1.873410885266552,0.9903598629145864,2
2.3422449465401756,9.669090975956927,0.8420481882906238,0
16.114867869025797,13.711940857209251,0.15610626150059548,3
21.531395457676247,2.2737524866224574,0.7602026370689833,3
17.31221393693108,24.21603506248155,0.016892944308508406,2
21.61847905039798,9.315112038840953,0.11331275057069512,0
9.873415997425061,9.48521557897106,0.938611590372872,3
2.553969910887957,13.496009530312126,0.3318667780614124,0
8.029016700210404,14.30966556489041,0.3109468663667243,2
16.971792364438347,8.601601273082965,0.139735891519855,0
24.014427940371867,22.641230376186243,0.529453158328917,0
8.773649814944088,0.920295996979198,0.8505878031965792,2
2.556174124931915,11.20045390733442,0.7896152045384978,3
11.675491587913756,23.605360302278612,0.3662289327506604,3
22.791530853036644,10.014160025510558,0.2509176626942914,2
3.1655285339358046,7.447001255866873,0.3072535188200318,3
3.926367278571641,14.32598574159139,0.2987964918141762,0
13.413375285049675,11.679875775633539,0.7986635306671542,2
20.472013954181573,15.340310087842168,0.5284822619806585,0
4.684394616870913,12.884599407947835,0.20943547625737735,0
8.0,17.0,0.46794593724025124,1
22.14870025048095,22.457874493942303,0.48491948787397543,2
15.717857415791864,12.154285177122528,0.2311372052027505,2
7.670018943909174,1.8961133016996423,0.26152737722303565,0
12.36610139197667,21.814175143565436,0.08296227185685523,0
4.675774829934243,14.080233019885194,0.3643375366143565,3
3.964104480927777,17.20450422438621,0.6715322283721628,0
20.673630148965714,11.898615370220774,0.6279474230924257,2
0.5134256684065197,2.0204300097793144,0.42274256616716666,3
6.7355887716429805,15.477596783979495,0.6005418388371057,0
17.379062932937057,2.6176204289484333,0.32700446122078575,0
16.97476256951631,12.058095245141878,0.05180467258973287,0
23.371463492125702,23.896232400356563,0.31177127572308116,2
4.342015098805343,21.666764781209046,0.9957134773796867,0
0.4661020552482964,24.786688256302753,0.0964745188796371,3
19.906753475474115,11.167300759881238,0.5780138634466468,2
12.622763409062435,15.235713626736711,0.49388252523233866,0
8.440050169261163,16.332818529763312,0.47601286583658786,0
17.651915360648246,20.468654818058944,0.9714758748187703,3
11.287724612068601,10.797788961502935,0.35740942124311004,3
14.596482806609867,12.640839086370692,0.01288021484151114,3
20.547381002447683,16.071604812664173,0.8498562465395354,3
14.240065073966196,9.749845275592744,0.06288587417569624,3
20.47189911607652,3.7750508417428414,0.9391114521406445,2
14.0,17.0,0.46122140911196113,1
2.5959758672721462,0.7373013577430365,0.385205893761871,2
13.777687971230296,13.11028692457555,0.4354746606515765,2
9.567290643358268,1.777213881626205,0.11758101741041016,2
22.480533028172463,20.512391844389132,0.9653099769060769,0
2.363183700475438,9.938278444972623,0.8820329242849264,3
5.536983889501948,0.05213028176294654,0.07664302147339674,3
0.8794641813291176,10.326954385893517,0.9163573500218353,0
0.6261802907885916,17.502694737526102,0.9349190318746468,3
19.0,6.0,0.4889743817345018,1
8.0,19.0,0.5405861340474969,1
18.84791158546244,7.596702781941206,0.41681629697869527,0
9.381615474986333,0.18546580031989224,0.6829850727687476,2
9.0,0.0,0.5018796978509451,1
6.1501633617230045,8.75010943536676,0.3199783564235117,3
13.887508676317898,19.456492682021135,0.45494512107116725,2
10.657502138608077,19.75984850115208,0.28049708977344967,3
0.29896027989027574,10.469767719293849,0.4534621543221491,3
11.37076821737099,23.852906687545943,0.8588781157395601,3
6.792648539282278,0.9131109187349717,0.014624396395538475,0
5.309808221414353,11.993006248660215,0.281341915082318,0
12.23938683148163,23.537215428964075,0.3851441745414361,2
13.0,14.0,0.4791190952983545,1
4.978431881478315,17.72480025520021,0.8512369525655831,2
2.021447391338424,20.531865439147204,0.5890933396850846,0
11.33918302673388,2.511366087412176,0.9537579816655238,3
22.655536559293523,21.617268397208782,0.6811083909891333,2
8.542193746437782,16.52620158384168,0.6793931188586672,2
15.230107131759063,7.077867389139553,0.7047318047206195,2
6.676212866676639,23.078879508005613,0.6388522945677237,3
18.009907137794897,11.991224757419175,0.716402370071551,3
13.685140896549338,6.347184019109467,0.3878015896495802,2
11.596269056107921,14.534026093192228,0.004288597089551871,2
21.83945889105152,9.473705150023711,0.38537216801484975,2
23.946610913380567,16.91353987715079,0.3101062059259887,2
20.158927815612245,24.99559867844096,0.330643664763802,0
21.91648246609042,24.767317488985043,0.5221389699507286,0
6.0,22.0,0.5365928532769423,1
0.7460846444024644,18.287763838631985,0.5815863765745359,2
23.809982735168834,11.090408210751601,0.4978164019690352,0
7.481660527061262,2.8807345601212924,0.1771888401267364,2
2.316768926375676,21.124652670981735,0.023733377491567675,0
23.93577480533903,4.821994888014553,0.8547510852200534,0
8.290521151609076,9.275133410466587,0.915444696757287,3
10.673768420417302,22.295565933814945,0.3979072148362105,0
18.4923920920708,21.424231647238056,0.45263762483323855,0
2.2194532125895785,17.858527347862374,0.610402857749181,3
11.558814314618795,2.7610007490130846,0.300809487925202,2
24.0,0.0,0.5055347586474728,1
13.10116058576895,11.928355165848945,0.21125649609210873,2
23.0,0.0,0.4776802265431403,1
22.12989544219123,14.012021499400204,0.9609953684733401,2
1.0,0.0,0.5212037680636217,1
4.684729010052075,7.372129387822021,0.7064782064372171,2
21.0,10.0,0.5348288251884927,1
13.550293823936272,7.260682874928389,0.9427513603075633,3
24.8986035142454,24.478775842492727,0.4829966017004157,2
15.0,23.0,0.48277936198039834,1
6.797085103230705,14.577113186483917,0.9238208431592704,3
3.8040840210413593,22.28304635693356,0.9646573224578774,0
20.68229173351722,23.54549673252731,0.4304822728949661,3
6.0339148731772045,21.955224687993756,0.23367826218613807,3
4.992816559641361,7.14869849996237,0.13786069023730396,2
23.472814400786213,21.966325901310125,0.7831906294802387,2
3.6502977679718276,23.943616258951987,0.7043654196974495,3
24.739590459879658,0.38295301053175024,0.4813082609868192,2
23.32278993380685,3.347539657909562,0.5698369160052472,0
18.269173483499475,13.929594490576877,0.10345583280957937,0
22.98364819468022,12.959025989697071,0.7422867481515527,0
12.16760566215624,18.738602081203915,0.028391056443956342,0
2.566001749399649,2.300359803609861,0.6278703076465052,2
1.987750806397126,21.876762664586412,0.09403809434855948,2
11.509253219525068,20.520819728557875,0.5868317707932071,2
21.138265011178902,2.7026198901176413,0.42397458610595473,0
14.852252325810737,18.128237810912058,0.33035784616769726,0
19.280902199621544,2.9124665053491623,0.8339615062769948,2
23.00991849037876,11.470912521303095,0.6338724453500643,3
3.175773895864814,4.512575818867759,0.10265735101842599,0
2.5256131650072398,2.382175059376215,0.006363623447658506,2
3.5045092530072237,23.374519519799435,0.24873131131704784,2
3.3895747067595323,16.219402031839927,0.8524681113926842,2
19.0928435340041,13.524989088348443,0.882144963126278,2
21.0,6.0,0.5434644039891959,1
22.0,16.0,0.49689533387144436,1
10.0,11.0,0.533708855755326,1
0.13558766933684518,11.11132174136498,0.5801514138586865,2
10.574183557658412,18.635878146292388,0.03707429957783526,2
8.171861267555865,21.269530696090154,0.8597114024316255,3
3.0,15.0,0.5432530335946084,1
21.922393211697948,13.331469776726337,0.3195367069493208,3
10.94734067761779,10.497081143165483,0.3679906867178807,3
12.0,15.0,0.5090342632172932,1
14.0,22.0,0.5081666850434765,1
0.034162126903808376,7.135685129822761,0.023787505940202514,2
20.729769302195344,0.11130373458362042,0.6883441725657435,2
12.886484048803865,4.743324223553983,0.23031754505808388,3
12.731931740621489,5.9377448710874585,0.4582470782415936,2
15.0,22.0,0.5015233219233041,1
1.5363264908742318,1.1404963636969967,0.4754576770436477,3
16.803035599332862,19.586593832040414,0.7931409279066627,2
1.133874471240151,20.171402679001638,0.9890302037504896,2
14.0,9.0,0.457941922648834,1
19.892434715303924,8.683966860768825,0.35250218310857306,0
13.70304357896913,0.541005311555659,0.023710885215044386,0
22.043015076429697,23.037958311239272,0.790157744791351,3
20.61653316042467,20.464752167198704,0.3439309156899061,0
4.0,11.0,0.46153286897659695,1
0.649365176702163,11.469518479172677,0.9647219417974515,2
11.986770599660654,22.448895260277315,0.3929405233435901,3
4.0,2.0,0.4815497163940919,1
9.695481950854948,15.247209166413489,0.21712049911844233,0
20.066694126904537,15.47289667544742,0.7655874024263056,0
24.0,2.0,0.47833194160573717,1
18.877310014587273,6.227235728052757,0.7185180679294952,2
19.76570258791865,19.009731787597666,0.2708890274851631,3
5.301610492660644,23.714960321994262,0.4639392665922062,0
19.925931005368977,14.701405733236813,0.29359199756285637,3
17.739506568186535,8.121577501491641,0.41248722838345386,3
15.661035030448147,17.03483210292421,0.8691199360155291,0
21.852534705202373,20.47531714248781,0.6082709211864672,0
3.516279919499668,21.05347852732394,0.6612637751543069,0
14.0,1.0,0.5491440622124598,1
14.3027524408414,19.85305894823793,0.4600903433699033,0
7.470958805382813,1.9497185526182514,0.9328514043008153,2
16.4504153372962,17.578013231666432,0.47572250935859184,2
17.50415746764107,4.089166794756541,0.7357048591754554,3
5.44792488155465,16.990964679286595,0.29206028485009283,2
3.0,21.0,0.5076062889876567,1
19.03652725148908,9.067590265210493,0.5696280480339894,0
1.138425144805838,14.479145581550796,0.7269220175363207,0
4.517380486700762,3.5745777337385682,0.2689272409397718,2
1.2709234441171668,23.51592831940116,0.7557089706566379,2
12.585180296112137,10.250321172710693,0.7521127884587293,0
23.805093397600047,3.5775899312554706,0.6173691981396948,3
6.94725844541719,9.764249699790314,0.9280568198634616,0
3.4744420877009325,3.897144622888657,0.032072964077893173,2
12.289380067812793,15.992659291493569,0.3821759981294547,0
2.176666006009895,24.72734011550641,0.19407101191983211,0
24.0,13.0,0.4983891434473592,1
5.94442819300102,8.739601629728671,0.24094706329947846,0
20.499153916244797,23.167545595596316,0.20859576589750584,2
19.551563285128314,4.52734484332864,0.18228201634883845,0
8.099049211188222,8.077011553323024,0.14165812849940385,3
12.28217411988025,16.460646639115687,0.34623334313196186,3
15.0,12.0,0.5178340849002151,1
23.54397130286923,17.7351958773864,0.8818617278882178,3
9.694718386883203,10.005920200188637,0.7659226383186991,2
16.323362631337513,5.569678758377386,0.09973333629835124,3
20.0,19.0,0.45426690419071614,1
18.176764428914993,9.018755760568414,0.050537723137904056,0
16.799324354728885,1.149179657586219,0.8790716174180764,2
0.0,5.0,0.47498479291467766,1
24.29559390651497,9.79084072823168,0.6040609787127661,2
12.0,9.0,0.48951010078615453,1
4.797601540216478,22.024528066006265,0.47955979612248534,0
11.655057136941622,15.4043772457552,0.925171831141105,2
10.54550686878738,13.132378079919107,0.19764932321491158,3
8.0,2.0,0.5051177924679444,1
16.59720410317909,5.670587849720393,0.44420260961655256,2
3.443693879994403,13.953821229494787,0.5421321509938074,0
6.6066711934620495,19.538775997717885,0.3965637513230059,3
18.557589058060046,8.046592282449962,0.11866827069358654,3
16.0,13.0,0.4579262409835653,1
14.053697523896199,9.06459934347589,0.9501308590657982,0
17.657887126623688,12.935139056042308,0.9478522353131625,3
0.34730351924839586,16.019313715846963,0.7334992308805577,3
15.196751691878097,0.7985395605600354,0.6302810321309172,2
17.880966170321276,11.48731086286511,0.1085000503393524,2
20.97032028866399,23.029980571685677,0.45396048002428513,2
9.0,7.0,0.451868494942524,1
24.729527812364648,20.52504187369843,0.7292453680830849,3
18.247705322755138,1.2375721693346386,0.20640221909164835,3
3.418134315687582,7.176537452120094,0.6102787533447808,2
19.235283970231993,4.2509990284522186,0.816025239517539,3
8.67408153809523,5.538939356519296,0.04948717318202622,3
6.501781983242511,15.945194104711366,0.8332464882265186,2
14.978327337290178,16.840973187074447,0.4225311120469625,3
22.0,21.0,0.4876782811242685,1
11.002906665554995,13.772557550692488,0.6666665851116592,3
17.506953011165972,6.508816779071311,0.6719054356963041,2
4.128816366433153,5.0472166896543404,0.6628060614456718,2
8.356576358148954,11.976091449000581,0.3641289706133477,3
11.407496053660152,15.70624949954976,0.6288165296682797,0
6.403257165867634,10.524078435176735,0.5525521448408571,0
5.419833442666938,14.831132978719635,0.5502763667597919,0
1.0,11.0,0.45514244395746456,1
14.371008895829696,18.43829463014152,0.42879542930847214,3
13.642268922759515,10.902957739364716,0.7007065401421345,0
17.325366357165898,13.838880704792633,0.7394467645169056,3
18.093617020701995,20.64486666750927,0.8668244526470925,2
14.939091415048106,15.4066155094818,0.4518925442854762,2
0.5482725922336923,5.84081141629855,0.8908670153350458,3
19.46691417766599,4.470327546353162,0.8783402005762438,2
13.71793510550437,12.70517380173073,0.1785192402477246,0
6.132474575456434,11.14640579465139,0.46933622692084487,3
24.523388113501074,1.549123871437491,0.6720893704084583,0
16.15921054050488,6.266097093768044,0.6166022961248613,3
15.546120148399623,14.70315790642817,0.7989033182387253,0
24.999762144695534,7.8433881123798175,0.7327190182301582,2
11.881743492644512,9.74425967704297,0.8681641954880652,0
13.999915895897491,9.282040662544668,0.9824939574953907,0
0.8088679466728504,22.449371807609435,0.002299365561431954,0
9.480399196157885,6.545133537756715,0.7136723186095474,3
11.95972843453929,5.3437817964843894,0.19657429112805336,3
5.351164140665665,16.148616331575,0.04909301387999687,2
4.8961682903189665,8.187486514772655,0.5710846758801792,2
23.80547331922842,16.07478248160894,0.5718005140577378,0
22.133213944849427,3.5539528009347676,0.5281552051236172,3
22.777208576793146,20.669521270783033,0.12228073921109572,0
9.0,3.0,0.4616498729242727,1
18.76885950092734,11.444870163947405,0.32162644449958266,3
5.616406371360158,22.571870270709233,0.05798938744634208,2
12.510259996318249,14.749131536239865,0.3058537685000343,0
21.469007795819877,3.7367013748451723,0.7986986350310122,0
8.672405269634739,15.699704607293144,0.36266842685899303,2
12.377457085104115,1.8872750310432922,0.290952123295691,0
14.11589054880259,8.659792395557226,0.9053485089239477,3
23.516536747197883,5.052732078916211,0.3072971606693392,3
3.9578074607387688,4.194592083146487,0.5543404955840502,3
4.58510388930404,13.696001411190311,0.2997618462438344,3
3.0,2.0,0.5066885878090412,1
16.78969779638246,20.762134116043693,0.6869843559655804,2
14.149001214532305,19.834630252453085,0.9095218244756833,0
21.0,8.0,0.4750209187244284,1
0.1137157266351968,12.761200327214056,0.9710209953385962,2
10.441479545563368,19.619011120863412,0.1973718279584067,3
16.880988345164294,7.124331868403383,0.07350708227521807,3
13.163458689413252,23.62117090983368,0.8035673220721553,2
21.473438600781254,11.951913279570112,0.049984244136314304,3
8.0,15.0,0.48318872455332573,1
7.896010135053913,7.211420936739183,0.7131609926119181,2
23.55144190841421,5.49668647720295,0.7279803013740128,3
11.55174772431248,19.800028989868395,0.2873374430831418,3
16.908675571721663,0.020574590212538157,0.1009597591624306,2
17.813763319749683,18.667488464182956,0.7112588564780272,0
20.0,13.0,0.5190994834390386,1
5.481192456003662,8.464553609897536,0.37976978529119987,0
12.901931341282994,4.916452833780532,0.5019088868219811,3
6.7951691299199615,5.841745114227587,0.27772659366941155,0
12.702727557665295,19.303275947901774,0.11276576116059578,0
23.26413753195982,8.159827681647977,0.7464842290116803,2
10.638840035048949,17.0297216255632,0.284932157899484,0
15.793667538230885,23.863984070231048,0.08497025566570948,2
19.567297768177568,16.487899626292624,0.9595948042432477,2
9.905331024329433,23.864890523078707,0.2762529593370907,3
21.170173565632382,2.730398425467531,0.7043254929428454,2
20.19415924229234,20.89150187082608,0.7380873969625744,2
13.36465346205361,1.8339515496039072,0.6658853323929566,0
11.690654011011995,19.40207275930628,0.6345375179479597,3
9.878998009682716,11.788028535927738,0.7066838349935586,0
0.3956907651961439,1.4203881216896002,0.9492244176720969,3
0.5507289345738187,9.400847514386065,0.3212137756239869,3
21.50176948411516,15.738547794607733,0.7723272079961282,3
20.0,24.0,0.5147382988053018,1
3.284946049492124,12.043686087451547,0.6864421294487147,3
12.87673622291185,2.9143722839913093,0.40246099265403634,0
20.18687683118211,6.618288156849342,0.05854901062536422,3
23.01694819253002,3.498382898367125,0.2525451630333062,2
11.0,10.0,0.49587652336273735,1
7.31919126630543,6.3913658231083605,0.7125191215952593,3
12.0,12.0,0.4938451676291449,1
3.933723638599354,6.861377772854907,0.9580910929936775,0
23.181545290108936,18.370713992789696,0.8245735971963105,0
24.454713845598043,18.171179164978778,0.580210830148771,3
1.1132352435933606,7.007004651641563,0.4757124560656312,0
21.21968554676031,13.277737348794846,0.8110517133734586,0
13.551216559954515,8.130815831504682,0.005761213083297578,3
9.0,1.0,0.4781402111088838,1
24.369997345050493,22.74384938862606,0.9646522836650889,0
10.276054769658174,23.48318225528878,0.8025215785881006,2
15.0,8.0,0.4812920390525499,1
2.2732865057402964,16.813719870036987,0.9825835585986782,3
9.86937725230463,13.140818332489602,0.41196671374173266,2
17.308187455898132,14.453637637399927,0.5186052055617965,3
4.409038582072214,12.434454528477213,0.7340557602694716,3
17.810116832398055,23.48250747740623,0.36968805108962466,0
7.073679481912215,5.3273953654808555,0.46607186659109456,3
3.0,6.0,0.5273298171434323,1
9.0,24.0,0.48708286157703096,1
23.365057268540504,2.260077220746157,0.9280622501090869,0
8.0,0.0,0.507587259933347,1
20.0,4.0,0.4879420002090227,1
8.714326153381451,22.752377191841873,0.6296475988806275,0
13.314107720929758,18.488701717130667,0.9804827900891365,2
2.2930620222109455,9.687470922003168,0.9194665741909956,2
15.862585162352486,21.413352437810413,0.6507295256625186,0
23.0,15.0,0.47822774819283176,1
17.63116234061045,22.645475567778107,0.7402339811105597,3
20.0,20.0,0.5218103508878055,1
11.217627170324363,14.73411558614948,0.4620654652923919,3
23.933969486815425,19.97108442281769,0.010667915561879626,3
24.0,17.0,0.5306180692218725,1
10.501798664264776,2.1983720213700986,0.25332983769197526,3
24.33683638542263,5.94522022159783,0.9471213321745161,0
12.0,10.0,0.5409310282668135,1
22.0,13.0,0.5084337868723442,1
8.213401972483311,5.7845199150876105,0.3879708955943564,2
11.04085813662854,11.820076629250062,0.06271855918071789,0
24.0,20.0,0.5370854898954158,1
8.948340067959592,21.29675452107048,0.06473515595567281,0
3.235836615957466,16.279938622441225,0.9361911072298875,2
20.17557382721184,0.15512830002013256,0.4180909230463562,3
4.683134607827288,20.33454052669254,0.7929001928834055,0
20.772323398860046,23.330729033429453,0.31228758753386954,0
1.7411212133903065,20.050807269745505,0.5705991542861961,2
0.044657575126344495,23.15800380418697,0.26818939125632446,2
2.259288394142542,11.004777261187462,0.7647360819935826,0
20.180607829398088,22.49080205719298,0.4530842567200678,3
4.0068628325972355,19.289529933746998,0.950067994872638,2
18.00264029097595,23.016523881080563,0.3350171819321248,3
17.00598513732812,7.062827516533685,0.29959436001452433,0
19.0,23.0,0.5098243205512974,1
10.184627790992263,24.11063651622718,0.6892707856830147,2
1.8005083172919516,20.869042395519894,0.7656623226260363,2
14.355219320018978,9.203922539164333,0.744089347436752,0
6.1827630158296625,2.448333186628357,0.16871304552903643,3
11.34806592132116,20.697577592306466,0.5157458172067789,0
5.246570217894672,14.877163094649726,0.021691132094534105,0
23.729749853769356,14.89666996516275,0.1957895151638136,0
20.30917983941707,2.0945779648823963,0.15147630926200228,0
15.828492055514957,7.545080430189987,0.5355087916972067,3
12.067872816447217,16.830675041798138,0.09311674011358939,0
19.419351211623777,6.769225282918204,0.3439808772208026,3
1.620643482081932,21.890051094467314,0.5336001283376453,3
6.0,2.0,0.46469356239673854,1
24.165842729104924,1.2843008808855831,0.6555341895995257,3
9.0,9.0,0.5354836804674844,1
2.0,0.0,0.5037628805551356,1
17.0,20.0,0.5250632424230448,1
2.7832005365416856,2.367218450762815,0.3813202527795865,0
18.230858695415826,16.161620166902537,0.04672044583920465,0
0.4379263778939685,21.14275602640069,0.6413714898001085,0
20.85679193395626,6.523907959659433,0.2531999085109613,0
22.0,0.0,0.4769357438745656,1
21.575318431534875,24.908630289159383,0.8288122789376989,3
7.869854943955562,12.416984036954196,0.8971454175351764,3
3.2586637920727854,23.181635377170497,0.17544967663186495,3
18.0,23.0,0.4531970371605763,1
16.209833049458883,7.361354568725889,0.6500680595526388,3
3.0232186887677788,5.608047947055314,0.46802650807399715,2
12.87757503993113,10.655254962130018,0.9600338481620081,3
9.352846894572938,6.007888971843883,0.37747806849961296,0
5.393999824618448,5.661485814297667,0.07474050751372685,0
17.475975359671615,10.705294425543304,0.7808079039850955,0
2.152845433951747,19.825250087473602,0.8704896000599517,2
9.0,15.0,0.5305363203755226,1
23.045533842438232,13.767426336419533,0.42045283208386985,2
11.312281559644152,24.80548167698144,0.05365709718148881,3
24.96342544152749,3.5536850072119988,0.0647998310896507,3
11.572875626966173,7.465525240481716,0.8043754334533709,0
24.939491430842057,23.646103954267936,0.8072171384570483,3
11.0,18.0,0.5370807150208281,1
23.473176711895704,5.806831142247626,0.2485861297537525,0
3.382209120055804,1.8354540087121674,0.8699337415262411,0
12.88514714062194,5.356741656827965,0.2301101346000557,3
10.831796184852593,8.967399393784214,0.32387372256678726,0
5.0,24.0,0.4931306398447718,1
18.908786814168476,18.18034164131957,0.11237437913723836,0
3.305837588887411,16.174624267543695,0.6296361639645119,2
19.83433499336334,20.5461116996804,0.1563869348854875,2
18.818803342122166,17.049411905147288,0.32946894930235937,3
22.0,8.0,0.5487580228786176,1
7.0923372126422635,3.160934772988913,0.973431109947711,3
11.688002029284325,6.531493398054547,0.12587576045586724,0
14.389796333021984,10.03758669852331,0.14853518992544912,2
10.613704370255808,2.400454365933033,0.46122322779587865,2
18.701552990984556,22.699844770234506,0.3039854304809927,2
18.62980661299387,23.349923481607465,0.8670462186677281,3
8.874910940648073,2.87738867386666,0.9308591064909217,2
13.708798510499326,5.108020737535759,0.6141726363980868,3
6.0,0.0,0.5071702894800638,1
8.0,9.0,0.464306766099345,1
19.810812643749806,17.562690968022174,0.9329042624630159,0
2.2893590132358725,16.29369056460357,0.2876287464256255,3
0.38210119854111546,22.647234606814592,0.8651669597077168,2
5.470171447134378,11.028602351568567,0.017862446347126526,2
19.216712745011158,11.917980910442033,0.8341056769288521,2
2.0,4.0,0.5466386490736387,1
9.936281554885609,17.020634756905856,0.3492904977194661,0
16.330559769617032,21.727289960404057,0.6377311788840879,0
2.0,14.0,0.46820721009915256,1
18.82383173810552,4.091721440844365,0.17878086487854428,2
24.587839348512855,19.444482988424546,0.06509760036686829,0
17.162051602247903,10.578002827700416,0.45072649384984054,3
15.191332477851512,21.610413061310076,0.6849004349038958,2
11.841121310373987,0.5859473752779565,0.2629462138589076,2
5.791092661640959,18.150678399101466,0.3776696005303064,0
1.5717016622058404,14.923596061838737,0.8454585951483026,0
1.7865512397234133,7.891890192395129,0.42456403356613126,3
2.0,13.0,0.517235431493229,1
5.869055515364077,24.30492054032538,0.689426395050148,0
11.862675451173924,9.363134761849267,0.5983426097854385,0
20.332901749230775,3.019501421272558,0.1154536461794512,0
5.048597076999514,12.007244079806068,0.14670448482479792,0
0.04739264076671634,24.655877260477606,0.5555586879510426,0
1.0149573234620013,13.330553286052133,0.5140805898453579,2
0.8775734830175963,12.981019481309545,0.8942379354035351,2
11.802124980366656,7.860931589516654,0.05166175637366788,0
16.0,16.0,0.5350352585374109,1
24.704292633207185,4.210470214409004,0.00010742519395545713,2
4.188175950021622,20.3645346334202,0.38903405299949545,0
9.1840547114725,21.658512049194105,0.7886982243400763,2
17.97593738718244,15.226927065910944,0.3421371285998851,0
12.740920870742425,12.155750259283199,0.8982298521806455,3
9.671973780947685,12.23301721883489,0.4878529675030431,0
22.0,4.0,0.5478967856749353,1
13.865364568802116,18.548666699396538,0.7446720963573108,2
17.95486513025275,24.95075183672968,0.9021354320479532,2
2.49104319735895,5.2589347246257665,0.37862813513238125,0
23.986339606166617,13.692790053329801,0.21129593866030405,3
20.315710732390166,21.208926743960575,0.41511329185133583,3
14.894532606590044,2.7792707471357008,0.6210204392574632,3
14.152414038992136,13.643572633559689,0.9598489889781291,3
12.91175886601757,12.37593362970291,0.3716067622782251,3
21.948400519022286,7.53137761411953,0.36909899010603686,2
23.401655558526638,13.696730210352975,0.8174970945905796,2
20.795214892173522,24.660655291617864,0.17349343447673482,3
20.211065568231135,15.964617642319348,0.46773197671798283,0
16.931112757215057,8.942351649486485,0.22007705706126612,2
8.909693107193142,6.762393203702313,0.4906273325757511,3
7.302927520868552,22.168202699693985,0.4520117189174887,3
9.51691736045747,4.522188464305765,0.3718618019450717,2
23.42938308403544,16.24927173772014,0.6199889276720988,0
14.584969689666016,8.68583146653999,0.3397805377498936,2
10.0,16.0,0.5024504445344041,1
16.999363358603976,11.80903798277556,0.1409522523800092,3
3.161745913927577,8.225544057275771,0.652179187137499,2
20.33039802264568,2.04209113175976,0.7535713029204196,0
20.766352081496038,20.66601025024584,0.6991539887087398,0
0.9451117787684343,6.7116917520010535,0.6534227130983821,2
8.113883946281458,23.193910427397768,0.7399581429321915,3
4.0,8.0,0.49068746177059125,1
17.231694551823445,14.325585543394057,0.5217620731308745,2
9.19074376749538,9.1087172536747,0.7726861954858092,2
21.0,2.0,0.5344241739149057,1
10.009996777027652,21.500715769740292,0.2726388594868142,2
8.83055021974976,11.993528333738121,0.274228878313156,3
24.329449847518433,3.676749030246493,0.12532147630481638,2
18.309552161760582,6.634517054769823,0.8834382146423332,3
10.805324252381682,4.615408128395851,0.1618626223982994,0
15.4296620479403,3.8024054291109275,0.1848671887403237,2
5.600373045318838,11.29603468906246,0.537812079279455,2
8.0,23.0,0.4702321634703335,1
15.843254433141954,12.932366503173595,0.2507389150672047,2
23.0,11.0,0.4974190478462225,1
11.131404944283634,19.282136738580245,0.4472232704799658,2
9.365479181583721,17.48126543930728,0.26485707388926427,0
19.286608018804515,1.7521329001243342,0.5479753892144801,0
22.884330059848708,19.718649573334304,0.9253482111363059,3
14.0,6.0,0.5467357323140059,1
6.384336127553936,10.987926932307618,0.7969535240756087,2
18.68990514301616,4.57309766708901,0.8769808153081575,3
18.188463300759192,21.134034152864718,0.4412738767960548,3
3.0,20.0,0.485836362222515,1
15.837494500924162,7.98462025329105,0.9455362667407263,2
8.283515557474944,23.699820788266397,0.5065959878538598,3
8.54095024351038,15.123002438983777,0.5827069376324906,0
23.40675810365503,18.83028945188087,0.024233842269004602,0
7.681395968931359,11.761337083207337,0.5110880502825275,0
14.07564622468962,7.938839633548097,0.29526140539472534,3
6.132833485241019,10.05647973217486,0.46864067163933776,3
2.096537080406549,21.306188436631817,0.8903405466443122,3
6.52257489019423,2.6847591747092476,0.8389082880971538,2
16.0,20.0,0.5471318936887499,1
3.912051555875953,5.968520941900785,0.9265429824288005,0
16.609150775217234,14.334997677256641,0.8919328156110115,2
11.59723654408066,24.27921220640935,0.32963091605075834,0
6.0,1.0,0.5279865439548513,1
8.975642924052835,24.7139750279845,0.058620872670066215,2
1.8759089940043105,0.5726797258211291,0.45914045195891073,2
21.39878714412529,20.564339555118103,0.22104774508344938,0
23.0,23.0,0.5051222698267882,1
23.404118010323764,19.574672755075138,0.2079703941902291,2
23.0,6.0,0.4915997282690504,1
23.53999970381174,9.937527715513736,0.2090190167234306,3
19.329965927963897,2.3888670139851715,0.5963913047118617,2
18.0,5.0,0.5126388526253404,1
16.073513669512888,10.848257019005986,0.8753151514378706,0
21.64324074339426,0.7937891970208721,0.724028158335602,3
21.96940905642359,24.815037547843136,0.5158143626689231,0
16.429979568605575,11.997363480515485,0.24511550028462525,3
13.30372950145598,20.101457514420705,0.8767188724681317,0
17.368184334506477,5.119780154999326,0.19793959245322346,3
19.649286387871445,3.8518353077380496,0.7200394537264567,2
17.095038206361767,4.607296041652434,0.9757656167172201,0
4.119865766027053,19.376082699971807,0.14548063051589522,0
17.459170762888405,1.846990746934496,0.5153597070578619,3
20.251898109891705,21.625728714394082,0.6324161432997315,3
5.167904853736527,24.28861120112808,0.5017950942280918,2
17.02636846851312,23.541240876957005,0.5099152846779986,2
0.7049191991975984,10.377002397605569,0.6068553580606976,3
4.0,16.0,0.48146149166436103,1
3.0757415619885515,7.7231781096043814,0.4188046186496278,0
16.213607756462732,3.070039315998596,0.9178190228529157,3
2.1256104665746927,12.163144212118542,0.13449162270682546,0
20.919630543583608,3.2926561880091936,0.742253010294657,0
3.246003937326028,17.26265061235424,0.6275859683712334,2
8.737843158762898,10.733983228750507,0.9500140101100957,0
20.268595123122218,11.428309811646594,0.877570945981746,0
18.0987827338549,10.145061055317894,0.31323867579496134,0
8.748582331810656,10.77089978117384,0.38988014578637586,2
11.936999665353982,6.26833155808563,0.7919659063911839,3
14.387206905346654,18.175082184727916,0.8351374139357429,2
4.974966519546833,20.132614818017625,0.5342885595347775,2
7.600616636026541,13.262707613442956,0.05913113510789714,2
14.362239263633766,15.501521625552868,0.7263998269958819,3
16.57394694146754,15.918614194336383,0.09908076781695008,3
12.459829495634558,20.19329170406694,0.3753126037215192,3
20.399232924768327,16.87823596798641,0.057955451545155356,2
17.67612001493574,17.662726103567316,0.1337742924258879,2
22.0,22.0,0.48071072313314844,1
11.036585538251718,5.8433078515126855,0.005433268693795457,0
4.0,3.0,0.46642831101480486,1
2.7534462574110545,4.834899894174153,0.6709477898142826,2
16.58732199407296,20.184290133395507,0.4567018548158489,0
7.796860081901796,9.490987766630779,0.285362595655001,3
14.347116506759605,1.8837752002526158,0.37201445705421166,2
21.719096736236736,22.097782914343476,0.7714205954155976,0
1.3074312870800382,24.90409437445183,0.35995628672104485,2
22.66748988839219,12.549482670101519,0.7133318585386234,3
14.255113970235511,9.086741549272686,0.3294955916381762,3
3.947703902534694,0.8090130509527865,0.06704039855631294,2
5.954765433853407,20.94600714034242,0.8769229963666235,3
8.706876865602323,20.39784917998695,0.7912116762365043,0
0.12368921506007713,23.34472999661462,0.37974288073345586,2
20.0,16.0,0.4869882582840295,1
5.0,10.0,0.48769574485934186,1
5.927548334182633,13.418761483491231,0.0551108478285971,3
2.635365385332067,1.6053142222992949,0.9074373262192978,2
6.835962175965693,24.959549022016386,0.12483594012002452,3
6.857389604950232,16.98100479568046,0.2837454576158849,2
1.0,10.0,0.454273290834279,1
23.63646177274868,9.569597176089648,0.5958438365050814,0
12.515572646759107,20.646729591237698,0.15546321216094838,3
21.77309090059344,22.500698280779776,0.8895735274167192,0
12.368786141672638,13.115467713713375,0.6110437254421542,2
24.747262337522947,15.130800179983922,0.25767931307448233,0
5.6803407218285775,17.875897137182868,0.27740300975201104,3
1.4976127318860137,13.423037149550924,0.2800970584178122,3
4.0,15.0,0.49026244886655546,1
18.74991480158693,17.200619923178923,0.051762086149328534,3
5.123385346541117,4.752212606944203,0.10443025142154216,0
24.0,8.0,0.48051239566027243,1
6.181724942851827,24.59907525027948,0.545623410586385,3
23.623209556250078,22.249959571896706,0.8556189176336032,2
2.3873707241442306,4.414559435399104,0.806699941668068,2
19.151369923892698,2.721812911580321,0.5200309881690528,0
23.202305071871038,3.0750915563892285,0.9810992017591219,3
16.11517127103189,5.31069219912943,0.3265167399823552,0
11.695115067731688,11.501036387589567,0.8194961886197517,2
7.792896575669148,14.004258294955871,0.3178562783347443,0
18.773704537208456,15.313799501919673,0.3989644289142813,0
17.0,16.0,0.48973174854606394,1
2.0,22.0,0.5495884236173469,1
14.523644516816045,15.439903338016538,0.24318756722254176,0
19.28800321314613,14.991674537133804,0.86779240176572,3
9.286179977017554,14.19031801902189,0.09907662648057391,3
24.1982774394895,1.464905310019493,0.8002209500724703,0
15.702118554373085,15.343410229862736,0.07659407344613067,2
5.0,6.0,0.5426198227777774,1
20.00866962153182,5.556062554746036,0.8408594295017146,0
2.156277143521418,4.526306979467557,0.9423971803205899,0
18.401991719733225,23.658033893437068,0.27375146304112763,0
16.0,19.0,0.5456884677121001,1
6.951900592886958,17.11424379111278,0.015237590045305116,0
9.0,19.0,0.46029884579246383,1
11.54775122729058,15.716871121177284,0.7602822376326346,0
10.62737472785002,13.231580344719651,0.09004402033038139,2
6.543920810543352,22.7652732714205,0.4355019922134594,3
22.0,15.0,0.48683053817793825,1
16.763118431917725,6.0827231828200325,0.03374267039964074,0
19.611390048830447,20.25311136306572,0.9506575263967932,0
14.0,15.0,0.5199377780951355,1
0.593407096780435,15.14694527335381,0.9547941122879485,0
18.693345219361834,20.013325776131182,0.9237824145842501,2
18.173827617421157,2.9190509743759447,0.38442033232806827,0
24.503838681835703,7.842910966937461,0.8645592676531189,2
19.0,14.0,0.48731188063994674,1
15.22878880776145,5.3236968209888245,0.7012869448350673,2
8.494736846312495,12.367411059722608,0.5314136202995454,2
15.07244759572519,22.93274098244927,0.05688090558322412,3
6.597346794720796,17.410667144249807,0.4510926440292389,2
2.0,20.0,0.4709808929463464,1
7.353746078539314,15.295763386057928,0.9960753715267784,2
3.7297632424907023,1.5831935961979542,0.3041978514487408,2
22.024117008581136,1.6324184187910484,0.5978930266132298,0
15.798135241924157,6.054641176465248,0.5794612404774283,3
17.62150084328534,2.6815168712926107,0.017052884115236755,2
12.033029250655384,24.510186879150726,0.4231147968662161,0
5.0,11.0,0.47082955410020466,1
19.746978682790008,24.74884246788202,0.5688675946904598,3
3.683964425697153,22.425617757780934,0.17965575517496324,0
20.71770769015037,9.63947441547916,0.37153335555967826,3
23.995253463827147,17.576798951028234,0.4721468447780769,2
14.0,24.0,0.4551207898716769,1
13.0,3.0,0.4623611098701605,1
1.0,6.0,0.4572102657311278,1
12.604648343269284,11.772535261899728,0.7276805448515078,2
15.659884501130758,9.080780384414746,0.1208016591797233,0
0.07883563246201819,2.537760925800442,0.2651134922049426,2
11.0,24.0,0.47718452647790344,1
10.0,1.0,0.4839511501452169,1
9.463028929829614,1.8377052770328834,0.4249324243846273,0
5.7713737076058065,10.627192007658392,0.5423625437444455,2
13.430279275544018,17.496379552863875,0.8885400078131137,0
23.637575492873204,13.772053168799053,0.10839731424405985,0
5.827793233776168,21.840168831809397,0.4388742650518367,0
18.022446660042075,17.58778541108798,0.8514116290692587,0
24.0,9.0,0.5473143165026997,1
20.0,17.0,0.5235855509753539,1
7.435483034743454,18.337639713815744,0.9180135504727127,3
12.733065317419884,2.7764025444033975,0.4608922385669537,0
20.391364986289602,17.189236734080776,0.30892013036570853,0
2.9618056932883134,3.154069350945074,0.14644107952558705,3
5.594794719270163,16.20179830926802,0.06503677359756765,0
8.504601200788015,10.493124107689441,0.7709940737434117,3
14.789549043667888,7.206776034454757,0.8375600455145313,3
14.96696645123174,16.58680414673917,0.6652333223418984,3
8.097180495892568,16.241480629650002,0.4965137372806283,0
18.0,12.0,0.5309675567798029,1
5.451159099463124,11.202666611794216,0.0012382090641377408,3
16.0,8.0,0.49984559159407727,1
12.317899790244102,18.827822010755114,0.5392739031244458,0
0.0,3.0,0.5052768257985173,1
18.712375828168636,6.206527062267986,0.6780685363663838,3
21.84994228132375,4.065458200620023,0.7460130500815777,3
7.0,12.0,0.49027039421365304,1
20.878961711872165,19.93033013709003,0.4315143994113214,2
18.584722624403646,8.816252678557179,0.3573206177534529,2
16.0,11.0,0.5272790379397707,1
20.682900258617675,5.2346523994369845,0.27410181505637454,3
12.0,18.0,0.5365604399772446,1
14.695822296533025,11.711740850292717,0.5812376156993893,3
7.507465852211245,18.205995968994692,0.12152356606818515,3
13.428921029937213,21.406022790370713,0.25208741049574834,0
1.6015621367226203,8.642623828145716,0.3862658557086378,0
7.7978204962327515,5.766927630098905,0.7072463504767749,2
12.0,7.0,0.5254103717797943,1
23.47425749227904,3.3647020377241406,0.603578292321921,3
19.159733394140247,5.907280097455728,0.9010386805127051,3
4.850965365396512,5.310423286021923,0.8650060624592958,3
15.130804091281908,5.034373397237224,0.33311519191368666,3
11.168129767006349,14.647148702141873,0.34091722254937196,2
16.940334801955462,11.597482964522557,0.8977299798954449,0
16.0,4.0,0.5464536761786222,1
7.765456594351547,21.073977983033434,0.8190863202297142,2
2.010805321847811,14.425596082623008,0.6826555664025257,2
16.766068577321196,12.085522687892505,0.6589949102741562,2
15.0,17.0,0.49530850548837796,1
2.7679413651045537,0.5231513122652354,0.5381306925969012,3
17.77205613548562,19.444152472898818,0.2900558412054156,2
11.936339597420032,24.759257341931264,0.37422618325819457,3
24.0,12.0,0.46694084271610514,1
18.763669014047597,12.832037292816349,0.15898340174219128,0
2.6075595774137734,15.136930706028236,0.7668513141187213,0
7.804493900504628,1.5216111124181197,0.45166453114689864,3
16.81898825316253,3.766923263916841,0.21987705349213915,2
23.74255620807108,18.200310631586213,0.050841698166522065,3
12.738407035949958,1.2933824195760835,0.2826373582923879,2
12.937238993573382,3.574629351429759,0.17728540999698572,0
10.470184192372425,19.78894394061364,0.6220209062946077,3
4.8271125400468575,3.7886750868294294,0.5656826270489478,2
15.0,24.0,0.5236202540383661,1
19.55510426694046,12.30078565221736,0.6446762859779827,2
15.580062061071299,5.47937934913448,0.9998522395007707,3
1.8172287000274012,0.31459455059653085,0.7079144240837042,3
6.796254613566627,11.177885953131508,0.07107070404062699,0
21.365118119072417,23.609339107077894,0.8947073212506953,3
1.0,12.0,0.5026894373559737,1
4.454348556036719,19.751553889545136,0.4207953966340173,2
10.655364550082385,18.652781502180396,0.9312751756720293,0
19.745708317159234,19.085323395956028,0.38931976981325966,2
10.271137295770444,9.215919153463695,0.4167724763643823,0
10.82322547941516,0.08908015160019045,0.9317469588284878,3
4.0,0.0,0.5375559801680647,1
22.610102983009263,8.104235607212445,0.8660970863334629,0
13.0,5.0,0.4755184116441821,1
22.292829934361553,14.807992563976025,0.37000089199692554,2
14.12247695948805,16.347748092853422,0.2636531966014132,0
1.0559841340910314,19.94365127998704,0.9570732441088421,0
21.080277628314757,2.5705742228764734,0.8480546807937832,0
19.191193364413703,0.42793291352037355,0.5100354775159042,0
11.0,16.0,0.5012157491684811,1
5.773159486553239,7.80018196918488,0.4351777117481025,0
20.25995771997903,6.868414104168832,0.3945269954161319,3
22.0,20.0,0.45505893260304786,1
6.030353920835771,20.404965708764173,0.5810939170770544,0
22.125896120737522,9.780603864479154,0.3672890318511366,0
0.7349856600833926,8.085082017468235,0.3929802748519148,0
14.489952632842664,15.521663104005071,0.9965376516804878,2
14.0,2.0,0.5189950442555977,1
22.450325611779657,0.2763442766614249,0.32545065727156264,3
0.006348411727041814,6.985140244883231,0.9955166033593459,2
24.448057935840385,9.653329733783412,0.5793772348258911,2
19.971772431234157,8.956786276439182,0.8301534890349648,2
10.038780835999855,6.377786154644569,0.9428733964278337,3
15.004109249317738,20.739363634700982,0.46598028500248145,0
16.33816909844132,14.332045605218182,0.2309217621799825,3
17.528040987319347,18.001001843236388,0.9071327794291975,2
23.422374037610403,15.182701826889403,0.959194353102796,0
14.58280136321957,6.86840619490251,0.7168360334742393,3
6.0,14.0,0.49064622092827154,1
16.809151071318183,16.117330371428153,0.4450759260080275,3
15.852643945232364,17.516596936597274,0.5403350450659693,3
3.2960694918043765,14.897211491539297,0.7643588729927645,2
16.10298449929078,20.252597639481404,0.9941260009347598,0
7.673597184565473,13.38702390166843,0.744739695573676,3
21.766890990139284,14.479425440848004,0.7474549893407734,3
23.444056225082896,14.048334815230215,0.34059114700341087,0
20.672587626210063,19.944760108600953,0.9887385725987646,0
10.697837557422677,4.617849741950996,0.8195533201825645,0
11.104628837298261,18.359064318346295,0.6766632630100178,3
9.193755970859446,3.642401461591688,0.801524977432556,2
10.456831810428435,20.441676949269418,0.6620610340609566,2
0.11317842169832892,14.751158138397605,0.5811079204018512,2
23.0,13.0,0.48438363920319955,1
18.227530023630003,10.40230678227064,0.7256665451229971,3
21.292746669849777,0.4133533689363478,0.0021576711402866433,2
16.718472295435937,18.79459252740321,0.37325693201062304,0
22.42800018827284,14.925084077397804,0.4274865599520469,3
1.3191497126788188,12.720743300413236,0.7066027563092537,3
4.0,6.0,0.47512816711306627,1
4.0,9.0,0.48684424105416596,1
16.954653896208068,11.839448962416254,0.00016180013096245283,2
12.785194649482007,6.65306937896169,0.9100395726171915,2
15.744079605168132,2.327666095977579,0.6531556226156929,3
4.613234842602251,3.752060451485592,0.19656596378999314,2
0.0,4.0,0.5222640420170632,1
21.671715353008754,11.540142468995866,0.9365603653797062,0
15.736734908394775,14.599964677638722,0.03343850384440461,3
5.590602622539009,4.488471411081268,0.17588996429619663,2
4.093673583503421,23.738176540487093,0.32709086116152897,0
20.02203983878293,16.34051203681557,0.789814076240755,3
0.1144933256356534,10.328202800077182,0.14118465132861624,3
6.0,10.0,0.49417226849849266,1
0.7937079820370896,15.307010098380685,0.06578358716795296,3
10.0,12.0,0.5430153813443814,1
21.0,24.0,0.5480842372502059,1
16.689573243012656,5.126319246104235,0.9102695534169483,0
22.531905735617332,24.987803125250174,0.7931059821040196,2
8.130238910012036,19.324381162322172,0.2868690482006768,0
0.8932260805196296,21.259771912548015,0.7774890423484192,0
22.10692933227582,5.271759861787892,0.8571051583906429,0
21.623691755592244,17.899215972397243,0.08360784145528244,0
20.12332370159871,12.15885556765985,0.6938481347159858,0
22.995852872535067,24.227862917136008,0.05248433019384424,3
14.263168245226746,21.440200329133887,0.09063297456214425,2
21.897734383545533,19.33529841645179,0.4716738920596657,0
6.004542463930459,18.67743852225069,0.611614564434229,0
21.987671126113646,12.303178500630658,0.18915648587070222,2
10.0,14.0,0.5260746903535827,1
15.23028600499643,21.062006614294518,0.38737033477240246,0
1.187590721160234,8.706136103560969,0.42957755466351677,2
24.586786054981264,2.1231654715159367,0.4191290164142474,2
21.150290290388625,10.511118868210968,0.50225164219725,3
2.790004646190383,4.47526858085289,0.3238576326517796,0
11.957421941926105,21.590109874614946,0.6944340128336369,2
16.70938557135514,9.854926401395122,0.6104966539956327,3
1.4206670738296374,3.6965959076180557,0.6169917894381691,0
18.0,1.0,0.5198502763288001,1
18.0,2.0,0.47583388467954163,1
6.74649492761818,5.829112599289074,0.30438100810801016,3
16.4054386855428,21.374159907466055,0.23589371344450427,0
0.0,2.0,0.4513739158477933,1
22.09951791151207,15.745075677955517,0.14830041964968121,0
6.67405954891582,17.248451614204583,0.20296288975697252,0
3.3383632251679978,8.584765632528335,0.8460907566524666,0
21.0,4.0,0.4629266148020718,1
9.919966250184267,9.675002010295463,0.8568414973750447,0
12.0,0.0,0.5309325577172053,1
18.6538766235727,24.955617639508514,0.9806938409812845,0
18.73205165851885,3.845460801624609,0.5787951326555008,2
5.51746849993251,16.337023215028122,0.03711840720167592,2
11.172987828632388,0.9942338999675421,0.42885505891471853,0
13.26585517904455,17.546600090019552,0.3901384994053386,0
8.414263351446635,13.775500501734712,0.8711927450413651,3
15.0,13.0,0.5490259472473346,1
0.0,21.0,0.45026383600006054,1
8.592618833122428,3.0709542712557965,0.4576452822969348,3
9.131730064108115,9.926802911978335,0.7836781612601305,2
5.2055806532325475,20.020996104664803,0.16008615467850218,0
6.303285155605018,22.98994506005873,0.7269424425117783,0
18.0,6.0,0.4503675088601954,1
4.4912138511854325,3.3414029068601665,0.8246551723074427,3
6.761701474918757,0.38305392380531544,0.049434031037277615,2
21.0,12.0,0.5286857030236847,1
3.2151306810504874,11.476495503989218,0.0843667529217863,0
5.08541057983887,17.2422010384067,0.5759557821712397,0
20.866316714592372,2.9302911344655653,0.7437004340153706,2
5.199960005344531,20.756719269367927,0.19624372987577865,3
21.075131043572735,11.524936574373296,0.40109911509990426,3
12.97751837902616,7.248975329404306,0.38472853472752966,0
8.989667480818342,4.568643099952493,0.989220030941886,3
18.827298008039815,13.787177684165114,0.17319376504743444,3
19.124613529793617,13.623373269768797,0.29463508844358033,0
10.0,21.0,0.5073424147205581,1
2.5369688937869563,22.498534219128572,0.18582643854686953,3
11.0,2.0,0.516312032327267,1
13.86916545193352,12.608200710433865,0.6864970386246442,2
3.014450706185692,17.65634073073943,0.4552742431210991,2
0.254016596755427,2.231784119437455,0.18795284338213303,0
7.745487424252814,6.685712217394143,0.3147831556094772,0
1.200141778269073,5.382333299542152,0.4401405734101086,3
3.507823359499293,15.639358031653284,0.6800577999638716,0
13.827322343739542,18.247127788674764,0.7815752738082135,0
9.0,22.0,0.5231309895454175,1
14.145523394511281,21.6443348795304,0.6632723839088811,2
9.81508852850202,21.143548905079683,0.8667395397520878,0
12.884859720681611,8.612705914185806,0.1723649828324838,0
13.188144972581235,15.978058833069442,0.853895878679009,0
24.373392928914704,0.4421997854035853,0.9021315967051136,3
6.157904366989836,9.768909445493312,0.712693738885226,2
9.893473788178847,1.3499122667149532,0.1889118257127489,3
4.23194819598428,17.246569112672788,0.11970767054480291,3
18.226508540771565,4.753556125663791,0.3416469865895305,0
1.0083491759838747,0.6958050646051456,0.903905459966196,0
16.184353883741988,4.068927707932618,0.5020491048474398,3
22.126668264323854,19.29692765932706,0.5429975076406628,3
3.3661953742203043,4.963329705435093,0.060297643440206716,2
10.747410622364914,14.720795848454518,0.21737820633737148,0
0.0,6.0,0.523409555988442,1
17.637225240077644,0.6450735657490131,0.03984380457422809,2
11.435564324419534,10.083698321436934,0.2045794169258417,2
4.647534196443501,20.915250421612892,0.7207032644562407,0
1.2389966877582066,11.134909119700179,0.9300004512080247,3
1.0,18.0,0.541111077962375,1
